tmpf,dwpf,relh,mslp,sknt,feel_gap,u_wind,v_wind,dew_depression,dew_dep_tend_3h,cloud_oktas,cloud_tend_3h,ceiling_ft,p01i,precip_24h,is_precip,solar_zenith,solar_alt,cos_zenith,tmpf_clim_global,tmpf_anomaly,mslp_tend_1h,mslp_tend_3h,mslp_tend_6h,tmpf_tend_1h,tmpf_tend_3h,tmpf_tend_6h,tmpf_lag_1h,tmpf_lag_2h,tmpf_lag_3h,tmpf_lag_6h,tmpf_lag_12h,tmpf_lag_24h,dwpf_lag_1h,dwpf_lag_2h,dwpf_lag_3h,dwpf_lag_6h,dwpf_lag_12h,dwpf_lag_24h,tmpf_roll3_mean,tmpf_roll6_mean,tmpf_roll24_mean,tmpf_roll3_std,mslp_roll3_mean,hour_sin,hour_cos,month_sin,month_cos,hour,month,dayofyear,KEWR_tmpf,KEWR_tmpf_delta,KEWR_tmpf_tend_3h,KEWR_sknt,KEWR_drct,KLGA_tmpf,KLGA_tmpf_delta,KLGA_tmpf_tend_3h,KLGA_sknt,KLGA_drct,KJFK_tmpf,KJFK_tmpf_delta,KJFK_tmpf_tend_3h,KJFK_sknt,KJFK_drct,KTEB_tmpf,KTEB_tmpf_delta,KTEB_tmpf_tend_3h,KTEB_sknt,KTEB_drct,valid_t,pred_high,pred_t3h,pred_t6h,obs_high,reassessed
61.0,37.0,40.77,1028.8,8.0,0.0,-6.928203230275509,-4.000000000000001,24.0,5.0,6.0,2.0,12000.0,0.0,0.04,0.0,63.3069378336544,26.693062166345598,0.44921081873152724,65.8952380952381,-4.895238095238099,-0.2999999999999545,0.2999999999999545,2.3999999999998636,1.0,4.0,4.0,60.0,59.0,57.0,57.0,59.0,56.0,39.0,37.0,38.0,40.0,48.0,54.0,58.666666666666664,57.666666666666664,58.375,1.5275252316519485,1028.8,0.258819045102521,-0.9659258262890682,0.49999999999999994,-0.8660254037844387,11.0,5.0,142.0,65.0,4.0,4.0,11.0,50.0,62.0,1.0,4.0,16.0,40.0,65.0,4.0,5.0,8.0,60.0,63.0,2.0,4.0,12.0,90.0,2026-05-22T15:51:00+00:00,66.44874572753906,62.760475158691406,59.97880935668945,61.0,66.44874572753906
65.0,39.0,38.32,1028.5,9.0,0.0,-8.457233587073175,-3.0781812899310195,26.0,4.0,0.0,0.0,25000.0,0.0,0.01,0.0,60.82520603924884,29.17479396075116,0.4874755887496074,68.04166666666667,-3.0416666666666714,-0.2999999999999545,-0.2999999999999545,1.400000000000091,4.0,6.0,9.0,61.0,60.0,59.0,56.0,58.0,57.0,37.0,39.0,37.0,38.0,45.0,56.0,60.0,58.333333333333336,58.583333333333336,1.0000000000000044,1028.8999999999999,1.2246467991473532e-16,-1.0,0.49999999999999994,-0.8660254037844387,12.0,5.0,142.0,67.0,2.0,5.0,9.0,50.0,65.0,0.0,5.0,13.0,50.0,63.0,-2.0,1.0,16.0,120.0,65.0,0.0,4.0,8.0,100.0,2026-05-22T16:51:00+00:00,67.16585540771484,64.12550354003906,60.25194549560547,65.0,67.16585540771484
66.0,37.0,34.22,1027.9,7.0,0.0,-6.5778483455013586,-2.3941410032796817,29.0,8.0,6.0,4.0,10000.0,0.0,0.0,0.0,61.486725046444384,28.513274953555616,0.4773623620353696,68.9447004608295,-2.9447004608294947,-0.599999999999909,-1.199999999999818,-0.09999999999990905,1.0,6.0,9.0,65.0,61.0,60.0,57.0,59.0,59.0,39.0,37.0,39.0,38.0,43.0,57.0,62.0,59.833333333333336,58.916666666666664,2.645751311064592,1028.8,-0.2588190451025208,-0.9659258262890683,0.49999999999999994,-0.8660254037844387,13.0,5.0,142.0,67.0,1.0,4.0,9.0,110.0,66.0,0.0,7.0,14.0,40.0,64.0,-2.0,1.0,14.0,100.0,66.0,0.0,4.0,8.0,100.0,2026-05-22T17:51:00+00:00,67.50176239013672,61.58863830566406,56.80677032470703,66.02,67.50176239013672
68.0,39.0,34.54,1027.3,6.0,0.0,0.0,0.0,29.0,5.0,0.0,-6.0,25000.0,0.0,0.0,0.0,65.19316702254397,24.806832977456025,0.41956033914817004,69.49130434782609,-1.4913043478260875,-0.6000000000001364,-1.5,-1.2000000000000455,2.0,7.0,11.0,66.0,65.0,61.0,57.0,58.0,58.0,37.0,39.0,37.0,38.0,44.0,55.0,64.0,61.333333333333336,59.208333333333336,2.645751311064592,1028.4,-0.4999999999999997,-0.8660254037844388,0.49999999999999994,-0.8660254037844387,14.0,5.0,142.0,66.0,-2.0,1.0,8.0,150.0,68.0,0.0,6.0,15.0,40.0,62.0,-6.0,-3.0,18.0,100.0,68.0,0.0,5.0,11.0,80.0,2026-05-22T18:51:00+00:00,68.72222137451172,59.5677604675293,56.048973083496094,68.0,68.72222137451172
67.0,38.0,34.38,1026.9,6.0,0.0,-5.908846518073248,1.0418890660015818,29.0,3.0,0.0,0.0,25000.0,0.0,0.0,0.0,71.45746192533014,18.542538074669864,0.3180086323106792,69.18595041322314,-2.1859504132231393,-0.3999999999998636,-1.599999999999909,-1.8999999999998636,-1.0,2.0,8.0,68.0,66.0,65.0,59.0,59.0,58.0,39.0,37.0,39.0,37.0,41.0,54.0,66.33333333333333,63.166666666666664,59.625,1.5275252316519514,1027.8999999999999,-0.7071067811865471,-0.7071067811865479,0.49999999999999994,-0.8660254037844387,15.0,5.0,142.0,64.0,-3.0,-3.0,11.0,150.0,68.0,1.0,3.0,13.0,50.0,63.0,-4.0,0.0,18.0,120.0,67.0,0.0,2.0,11.0,100.0,2026-05-22T19:51:00+00:00,68.48169708251953,59.9471435546875,56.44683074951172,68.0,68.48169708251953
65.0,40.0,39.84,1027.4,3.0,0.0,0.0,0.0,25.0,-4.0,0.0,-6.0,25000.0,0.0,0.0,0.0,79.65191776019016,10.348082239809841,0.17962782188577386,68.63424124513618,-3.634241245136181,0.5,-0.5,-1.699999999999818,-2.0,-1.0,5.0,67.0,68.0,66.0,60.0,58.0,59.0,38.0,39.0,37.0,39.0,39.0,54.0,67.0,64.5,60.0,1.0000000000000098,1027.3666666666668,-0.8660254037844385,-0.5000000000000004,0.49999999999999994,-0.8660254037844387,16.0,5.0,142.0,63.0,-2.0,-4.0,11.0,120.0,66.0,1.0,0.0,8.0,130.0,60.0,-5.0,-4.0,15.0,120.0,67.0,2.0,1.0,6.0,70.0,2026-05-22T20:51:00+00:00,68.34364318847656,58.67985153198242,56.24317932128906,68.0,68.34364318847656
62.0,41.0,46.01,1027.8,3.0,0.0,0.0,0.0,21.0,-8.0,0.0,0.0,25000.0,0.0,0.0,0.0,89.20652373103187,0.793476268968135,0.013848330761539594,67.51472868217054,-5.514728682170542,0.3999999999998636,0.5,-1.0,-3.0,-6.0,1.0,65.0,67.0,68.0,61.0,57.0,59.0,40.0,38.0,39.0,37.0,40.0,55.0,66.66666666666667,65.33333333333333,60.25,1.527525231651955,1027.2,-0.9659258262890683,-0.25881904510252063,0.49999999999999994,-0.8660254037844387,17.0,5.0,142.0,61.0,-1.0,-5.0,9.0,130.0,64.0,2.0,-4.0,10.0,120.0,59.0,-3.0,-3.0,14.0,110.0,64.0,2.0,-4.0,8.0,230.0,2026-05-22T21:51:00+00:00,69.22026062011719,57.795284271240234,55.35701370239258,68.0,69.22026062011719
60.0,39.0,45.69,1027.9,7.0,0.0,-6.062177826491071,3.4999999999999982,21.0,-8.0,0.0,0.0,25000.0,0.0,0.0,0.0,99.67342916283219,0.0,0.0,66.32985074626866,-6.3298507462686615,0.10000000000013642,1.0,-0.599999999999909,-2.0,-7.0,-5.0,62.0,65.0,67.0,65.0,56.0,59.0,41.0,40.0,38.0,39.0,38.0,54.0,64.66666666666667,65.5,60.375,2.516611478423591,1027.3666666666666,-1.0,-1.8369701987210297e-16,0.49999999999999994,-0.8660254037844387,18.0,5.0,142.0,60.0,0.0,-4.0,10.0,130.0,61.0,1.0,-7.0,13.0,130.0,58.0,-2.0,-5.0,11.0,110.0,62.0,2.0,-5.0,7.0,160.0,2026-05-22T22:51:00+00:00,68.84281158447266,56.58495330810547,54.050025939941406,68.0,68.84281158447266
59.0,40.0,49.24,1028.1,4.0,0.0,0.0,0.0,19.0,-6.0,0.0,0.0,25000.0,0.0,0.0,0.0,110.70883210788018,0.0,0.0,64.87769784172662,-5.877697841726615,0.1999999999998181,0.6999999999998181,0.1999999999998181,-1.0,-6.0,-7.0,60.0,62.0,65.0,66.0,57.0,60.0,39.0,41.0,40.0,37.0,38.0,52.0,62.333333333333336,64.66666666666667,60.416666666666664,2.516611478423597,1027.7,-0.9659258262890684,0.2588190451025203,0.49999999999999994,-0.8660254037844387,19.0,5.0,142.0,58.0,-1.0,-5.0,8.0,130.0,59.0,0.0,-7.0,13.0,120.0,56.0,-3.0,-4.0,7.0,110.0,60.0,1.0,-7.0,7.0,140.0,2026-05-22T23:51:00+00:00,68.22100830078125,55.615291595458984,53.994998931884766,68.0,68.22100830078125
58.0,38.0,47.19,1028.6,4.0,0.0,0.0,0.0,20.0,-1.0,0.0,0.0,25000.0,0.0,0.0,0.0,122.02333575193002,0.0,0.0,63.590106007067135,-5.590106007067135,0.5,0.7999999999999545,1.2999999999999545,-1.0,-4.0,-10.0,59.0,60.0,62.0,68.0,57.0,59.0,40.0,39.0,41.0,39.0,38.0,51.0,60.333333333333336,63.5,60.375,1.5275252316519712,1027.9333333333332,-0.8660254037844386,0.5000000000000001,0.49999999999999994,-0.8660254037844387,20.0,5.0,142.0,58.0,0.0,-3.0,8.0,90.0,59.0,1.0,-5.0,13.0,110.0,56.0,-2.0,-3.0,9.0,100.0,59.0,1.0,-5.0,6.0,140.0,2026-05-23T00:51:00+00:00,69.35149383544922,54.6510124206543,52.36266326904297,68.0,69.35149383544922
58.0,38.0,47.19,1028.6,4.0,0.0,0.0,0.0,20.0,-1.0,0.0,0.0,25000.0,0.0,0.0,0.0,122.02333575193002,0.0,0.0,63.590106007067135,-5.590106007067135,0.5,0.7999999999999545,1.2999999999999545,-1.0,-4.0,-10.0,59.0,60.0,62.0,68.0,57.0,59.0,40.0,39.0,41.0,39.0,38.0,51.0,60.333333333333336,63.5,60.375,1.5275252316519712,1027.9333333333332,-0.8660254037844386,0.5000000000000001,0.49999999999999994,-0.8660254037844387,20.0,5.0,142.0,58.0,0.0,-3.0,8.0,90.0,59.0,1.0,-5.0,13.0,110.0,56.0,-2.0,-3.0,9.0,100.0,59.0,1.0,-5.0,6.0,140.0,2026-05-23T00:51:00+00:00,69.35149383544922,54.6510124206543,52.36266326904297,68.0,69.35149383544922
58.0,36.0,43.62,1029.0,5.0,0.0,-5.0,-3.061616997868383e-16,22.0,1.0,0.0,0.0,25000.0,0.0,0.0,0.0,133.30885931352148,0.0,0.0,62.97192982456141,-4.971929824561407,0.40000000000009095,1.099999999999909,2.099999999999909,0.0,-2.0,-9.0,58.0,59.0,60.0,67.0,59.0,60.0,38.0,40.0,39.0,38.0,37.0,50.0,59.0,61.833333333333336,60.333333333333336,1.000000000000039,1028.2,-0.7071067811865477,0.7071067811865474,0.49999999999999994,-0.8660254037844387,21.0,5.0,142.0,58.0,0.0,-2.0,8.0,120.0,59.0,1.0,-2.0,9.0,100.0,56.0,-2.0,-2.0,7.0,90.0,59.0,1.0,-3.0,5.0,100.0,2026-05-23T01:51:00+00:00,69.01310729980469,54.50638961791992,51.950111389160156,68.0,69.01310729980469
58.0,37.0,45.37,1029.2,3.0,0.0,0.0,0.0,21.0,2.0,2.0,2.0,10000.0,0.0,0.0,0.0,144.09685054634713,0.0,0.0,62.4270462633452,-4.427046263345197,0.20000000000004547,1.1000000000001364,1.7999999999999545,0.0,-1.0,-7.0,58.0,58.0,59.0,65.0,60.0,60.0,36.0,38.0,40.0,40.0,39.0,49.0,58.333333333333336,60.333333333333336,60.25,0.577350269189694,1028.5666666666666,-0.5000000000000004,0.8660254037844384,0.49999999999999994,-0.8660254037844387,22.0,5.0,142.0,59.0,1.0,1.0,5.0,60.0,58.0,0.0,-1.0,8.0,50.0,57.0,-1.0,1.0,9.0,90.0,59.0,1.0,-1.0,5.0,100.0,2026-05-23T02:51:00+00:00,70.05165100097656,55.57833480834961,52.89741516113281,68.0,70.05165100097656
55.0,46.0,71.6,1031.1,7.0,0.0,-6.5778483455013586,-2.3941410032796817,9.0,5.0,8.0,0.0,8500.0,0.0,0.02,0.0,76.04855436315465,13.95144563684535,0.24109954772425235,62.335593220338986,-7.3355932203389855,-0.3000000000001819,0.5,2.0,1.0,2.0,-1.0,54.0,54.0,53.0,56.0,58.0,59.0,47.0,48.0,49.0,39.0,36.0,37.0,53.666666666666664,54.166666666666664,59.041666666666664,0.5773502691896247,1031.0,0.7071067811865476,-0.7071067811865475,0.49999999999999994,-0.8660254037844387,9.0,5.0,143.0,57.0,2.0,1.0,9.0,70.0,56.0,1.0,1.0,11.0,70.0,56.0,1.0,2.0,10.0,80.0,56.0,1.0,1.0,6.0,80.0,2026-05-23T13:51:00+00:00,61.534358978271484,57.4522819519043,57.82241439819336,59.0,61.534358978271484
62.0,62.0,100.0,1018.7,5.0,0.0,0.0,0.0,0.0,0.0,8.0,0.0,1300.0,0.0,0.22999999999999998,0.0,60.82455275848883,29.175447241511172,0.4874855441344801,68.04166666666667,-6.041666666666671,-0.1999999999999318,-0.5,-0.2999999999999545,1.0,4.0,6.0,61.0,60.0,58.0,56.0,55.0,55.0,61.0,59.0,58.0,56.0,55.0,54.0,59.666666666666664,58.166666666666664,55.916666666666664,1.5275252316519452,1019.0666666666666,1.2246467991473532e-16,-1.0,0.49999999999999994,-0.8660254037844387,12.0,5.0,145.0,66.0,4.0,6.0,9.0,260.0,65.0,3.0,6.0,5.0,230.0,63.0,1.0,4.0,10.0,230.0,66.0,4.0,7.0,8.0,240.0,2026-05-25T16:51:00+00:00,67.56884002685547,66.84120178222656,67.83822631835938,62.0,67.56884002685547
62.0,62.0,100.0,1018.7,5.0,0.0,0.0,0.0,0.0,0.0,8.0,0.0,1300.0,0.0,0.22999999999999998,0.0,60.82455275848883,29.175447241511172,0.4874855441344801,68.04166666666667,-6.041666666666671,-0.1999999999999318,-0.5,-0.2999999999999545,1.0,4.0,6.0,61.0,60.0,58.0,56.0,55.0,55.0,61.0,59.0,58.0,56.0,55.0,54.0,59.666666666666664,58.166666666666664,55.916666666666664,1.5275252316519452,1019.0666666666666,1.2246467991473532e-16,-1.0,0.49999999999999994,-0.8660254037844387,12.0,5.0,145.0,66.0,4.0,6.0,9.0,260.0,65.0,3.0,6.0,5.0,230.0,63.0,1.0,4.0,10.0,230.0,66.0,4.0,7.0,8.0,240.0,2026-05-25T16:51:00+00:00,67.56884002685547,66.84120178222656,67.83822631835938,65.0,67.56884002685547
67.0,62.0,83.99,1017.8,4.0,0.0,0.0,0.0,5.0,5.0,2.0,-6.0,1700.0,0.0,0.21,0.0,65.1924725488088,24.807527451191206,0.41957134154854875,69.49130434782609,-2.4913043478260875,-0.3000000000000682,-1.1000000000000227,-1.5,2.0,6.0,10.0,65.0,62.0,61.0,57.0,55.0,55.0,63.0,62.0,61.0,57.0,55.0,55.0,62.666666666666664,60.5,56.625,2.0816659994661335,1018.5666666666666,-0.4999999999999997,-0.8660254037844388,0.49999999999999994,-0.8660254037844387,14.0,5.0,145.0,72.0,5.0,8.0,4.0,250.0,70.0,3.0,6.0,4.0,300.0,65.0,-2.0,2.0,8.0,210.0,72.0,5.0,9.0,7.0,290.0,2026-05-25T18:51:00+00:00,71.57640838623047,68.81127166748047,67.44065856933594,67.0,71.57640838623047
71.0,63.0,75.87,1017.5,0.0,0.0,-0.0,-0.0,8.0,8.0,2.0,-6.0,2400.0,0.0,0.19999999999999998,0.0,71.45678828762502,18.543211712374983,0.31801977914291973,69.18595041322314,1.8140495867768607,-0.2999999999999545,-1.2000000000000455,-1.7000000000000455,4.0,9.0,13.0,67.0,65.0,62.0,58.0,55.0,56.0,62.0,63.0,62.0,58.0,55.0,55.0,64.66666666666667,62.166666666666664,57.125,2.5166114784235827,1018.1999999999999,-0.7071067811865471,-0.7071067811865479,0.49999999999999994,-0.8660254037844387,15.0,5.0,145.0,76.0,5.0,10.0,7.0,300.0,73.0,2.0,8.0,0.0,0.0,68.0,-3.0,5.0,12.0,240.0,74.0,3.0,8.0,0.0,0.0,2026-05-25T19:51:00+00:00,75.08570098876953,71.04966735839844,69.15231323242188,71.0,75.08570098876953
72.0,63.0,73.34,1017.1,0.0,0.0,-0.0,-0.0,9.0,7.0,0.0,-8.0,25000.0,0.0,0.19999999999999998,0.0,79.65127595096092,10.348724049039077,0.17963884135931818,68.63424124513618,3.365758754863819,-0.39999999999997726,-1.0,-2.0,1.0,7.0,12.0,71.0,67.0,65.0,60.0,56.0,55.0,63.0,62.0,63.0,59.0,55.0,55.0,67.66666666666667,64.33333333333333,57.75,3.0550504633038895,1017.8000000000001,-0.8660254037844385,-0.5000000000000004,0.49999999999999994,-0.8660254037844387,16.0,5.0,145.0,77.0,5.0,8.0,5.0,340.0,74.0,2.0,7.0,3.0,320.0,69.0,-3.0,6.0,8.0,200.0,77.0,5.0,8.0,6.0,360.0,2026-05-25T20:51:00+00:00,76.66549682617188,70.70557403564453,68.78910827636719,72.0,76.66549682617188
73.0,64.0,73.44,1016.8,0.0,0.0,-0.0,-0.0,9.0,4.0,8.0,6.0,4200.0,0.0,0.19999999999999998,0.0,89.20591467548681,0.7940853245131905,0.013858959766003688,67.51472868217054,5.485271317829458,-0.3000000000000682,-1.0,-2.1000000000000227,1.0,6.0,12.0,72.0,71.0,67.0,61.0,56.0,55.0,63.0,63.0,62.0,61.0,55.0,55.0,70.0,66.33333333333333,58.458333333333336,2.645751311064584,1017.4666666666667,-0.9659258262890683,-0.25881904510252063,0.49999999999999994,-0.8660254037844387,17.0,5.0,145.0,78.0,5.0,6.0,4.0,270.0,75.0,2.0,5.0,3.0,270.0,67.0,-6.0,2.0,6.0,200.0,78.0,5.0,6.0,7.0,330.0,2026-05-25T21:51:00+00:00,75.84518432617188,70.45120239257812,69.22533416748047,73.0,75.84518432617188
73.0,64.0,73.44,1016.8,0.0,0.0,-0.0,-0.0,9.0,4.0,8.0,6.0,4200.0,0.0,0.19999999999999998,0.0,89.20591467548681,0.7940853245131905,0.013858959766003688,67.51472868217054,5.485271317829458,-0.3000000000000682,-1.0,-2.1000000000000227,1.0,6.0,12.0,72.0,71.0,67.0,61.0,56.0,55.0,63.0,63.0,62.0,61.0,55.0,55.0,70.0,66.33333333333333,58.458333333333336,2.645751311064584,1017.4666666666667,-0.9659258262890683,-0.25881904510252063,0.49999999999999994,-0.8660254037844387,17.0,5.0,145.0,78.0,5.0,6.0,4.0,270.0,75.0,2.0,5.0,3.0,270.0,67.0,-6.0,2.0,6.0,200.0,78.0,5.0,6.0,7.0,330.0,2026-05-25T21:51:00+00:00,75.84518432617188,70.45120239257812,69.22533416748047,73.0,75.84518432617188
69.0,63.0,81.22,1017.6,3.0,0.0,0.0,0.0,6.0,-3.0,0.0,0.0,25000.0,0.0,0.19999999999999998,0.0,110.70826972343926,0.0,0.0,64.87769784172662,4.122302158273385,0.5,0.5,-0.5,-3.0,-3.0,4.0,72.0,73.0,72.0,65.0,57.0,55.0,64.0,64.0,63.0,63.0,56.0,54.0,72.33333333333333,70.0,59.916666666666664,0.5773502691895955,1017.0,-0.9659258262890684,0.2588190451025203,0.49999999999999994,-0.8660254037844387,19.0,5.0,145.0,73.0,4.0,-4.0,6.0,180.0,72.0,3.0,-2.0,9.0,200.0,64.0,-5.0,-5.0,5.0,190.0,75.0,6.0,-2.0,3.0,300.0,2026-05-25T23:51:00+00:00,73.44217681884766,68.3462905883789,67.0096435546875,73.04,73.44217681884766
68.0,64.0,87.05,1017.6,0.0,0.0,-0.0,-0.0,4.0,-5.0,0.0,-8.0,25000.0,0.0,0.19999999999999998,0.0,122.02278006936194,0.0,0.0,63.590106007067135,4.409893992932865,0.0,0.8000000000000682,-0.1999999999999318,-1.0,-5.0,1.0,69.0,72.0,73.0,67.0,57.0,55.0,63.0,64.0,64.0,62.0,57.0,54.0,71.33333333333333,70.66666666666667,60.5,2.081665999466123,1017.1666666666666,-0.8660254037844386,0.5000000000000001,0.49999999999999994,-0.8660254037844387,20.0,5.0,145.0,70.0,2.0,-8.0,6.0,210.0,71.0,3.0,-4.0,8.0,190.0,63.0,-5.0,-4.0,6.0,180.0,69.0,1.0,-9.0,3.0,210.0,2026-05-26T00:51:00+00:00,73.55611419677734,67.53850555419922,67.26628112792969,73.04,73.55611419677734
67.0,64.0,90.1,1018.5,4.0,0.0,3.464101615137754,2.0000000000000018,3.0,-5.0,0.0,-4.0,25000.0,0.0,0.18999999999999997,0.0,133.3082930542861,0.0,0.0,62.97192982456141,4.028070175438593,0.8999999999999773,1.3999999999999773,1.0,-1.0,-5.0,-4.0,68.0,69.0,72.0,71.0,58.0,55.0,64.0,63.0,64.0,63.0,58.0,54.0,69.66666666666667,70.83333333333333,61.041666666666664,2.081665999466123,1017.4333333333334,-0.7071067811865477,0.7071067811865474,0.49999999999999994,-0.8660254037844387,21.0,5.0,145.0,70.0,3.0,-6.0,5.0,220.0,70.0,3.0,-3.0,7.0,200.0,61.0,-6.0,-6.0,5.0,200.0,68.0,1.0,-9.0,0.0,0.0,2026-05-26T01:51:00+00:00,74.44889831542969,66.22266387939453,65.77194213867188,73.04,74.44889831542969
67.0,65.0,93.3,1018.4,5.0,0.0,4.330127018922193,2.500000000000002,2.0,-4.0,2.0,2.0,4900.0,0.0,0.18999999999999997,0.0,144.09624885537667,0.0,0.0,62.4270462633452,4.572953736654803,-0.10000000000002274,0.7999999999999545,1.2999999999999545,0.0,-2.0,-5.0,67.0,68.0,69.0,72.0,60.0,55.0,64.0,64.0,63.0,63.0,59.0,55.0,68.0,70.16666666666667,61.541666666666664,0.9999999999999831,1017.9,-0.5000000000000004,0.8660254037844384,0.49999999999999994,-0.8660254037844387,22.0,5.0,145.0,67.0,0.0,-6.0,3.0,220.0,69.0,2.0,-3.0,0.0,0.0,61.0,-6.0,-3.0,0.0,0.0,67.0,0.0,-8.0,3.0,200.0,2026-05-26T02:51:00+00:00,74.47653198242188,65.3548583984375,65.21363830566406,73.04,74.47653198242188
69.0,54.0,58.83,1020.5,4.0,0.0,-3.064177772475912,-2.5711504387461575,15.0,12.0,0.0,0.0,25000.0,0.0,0.0,0.0,76.04813366620486,13.951866333795138,0.2411066736624134,62.335593220338986,6.6644067796610145,0.10000000000002274,0.7999999999999545,2.2000000000000455,2.0,8.0,7.0,67.0,64.0,61.0,62.0,67.0,58.0,55.0,57.0,58.0,57.0,64.0,58.0,64.0,62.166666666666664,65.29166666666667,2.9999999999999973,1020.0333333333333,0.7071067811865476,-0.7071067811865475,0.49999999999999994,-0.8660254037844387,9.0,5.0,146.0,73.0,4.0,10.0,9.0,20.0,71.0,2.0,9.0,6.0,60.0,72.0,3.0,9.0,7.0,350.0,71.0,2.0,11.0,7.0,40.0,2026-05-26T13:51:00+00:00,81.09541320800781,75.86033630371094,77.22074127197266,69.08,81.09541320800781
72.0,55.0,55.1,1020.4,3.0,0.0,-2.819077862357725,-1.0260604299770064,17.0,10.0,0.0,0.0,25000.0,0.0,0.0,0.0,68.580932587094,21.419067412906003,0.365186609386744,64.54424778761062,7.455752212389385,-0.10000000000002274,0.39999999999997726,2.1000000000000227,3.0,8.0,12.0,69.0,67.0,64.0,60.0,67.0,60.0,54.0,55.0,57.0,58.0,65.0,59.0,66.66666666666667,63.333333333333336,65.75,2.5166114784235782,1020.3000000000001,0.49999999999999994,-0.8660254037844387,0.49999999999999994,-0.8660254037844387,10.0,5.0,146.0,74.0,2.0,8.0,10.0,30.0,73.0,1.0,6.0,6.0,90.0,75.0,3.0,9.0,6.0,30.0,73.0,1.0,9.0,0.0,0.0,2026-05-26T14:51:00+00:00,79.48497772216797,75.69534301757812,75.508544921875,72.0,79.48497772216797
72.0,55.0,55.1,1020.4,3.0,0.0,-2.819077862357725,-1.0260604299770064,17.0,10.0,0.0,0.0,25000.0,0.0,0.0,0.0,68.580932587094,21.419067412906003,0.365186609386744,64.54424778761062,7.455752212389385,-0.10000000000002274,0.39999999999997726,2.1000000000000227,3.0,8.0,12.0,69.0,67.0,64.0,60.0,67.0,60.0,54.0,55.0,57.0,58.0,65.0,59.0,66.66666666666667,63.333333333333336,65.75,2.5166114784235782,1020.3000000000001,0.49999999999999994,-0.8660254037844387,0.49999999999999994,-0.8660254037844387,10.0,5.0,146.0,74.0,2.0,8.0,10.0,30.0,73.0,1.0,6.0,6.0,90.0,75.0,3.0,9.0,6.0,30.0,73.0,1.0,9.0,0.0,0.0,2026-05-26T14:51:00+00:00,79.48497772216797,75.69534301757812,75.508544921875,74.0,79.48497772216797
77.0,45.0,32.14,1019.5,0.0,0.0,-0.0,-0.0,32.0,17.0,0.0,0.0,25000.0,0.0,0.0,0.0,60.82433498566221,29.17566501433779,0.487488862773625,68.04166666666667,8.958333333333329,-0.6000000000000227,-1.0,-0.20000000000004547,3.0,8.0,16.0,74.0,72.0,69.0,61.0,66.0,62.0,51.0,55.0,54.0,58.0,64.0,62.0,71.66666666666667,67.83333333333333,66.79166666666667,2.5166114784235782,1020.3333333333334,1.2246467991473532e-16,-1.0,0.49999999999999994,-0.8660254037844387,12.0,5.0,146.0,78.0,1.0,5.0,0.0,0.0,76.0,-1.0,5.0,4.0,20.0,74.0,-3.0,2.0,9.0,180.0,78.0,1.0,7.0,8.0,180.0,2026-05-26T16:51:00+00:00,79.36659240722656,75.24137115478516,70.07990264892578,77.0,79.36659240722656
78.0,43.0,28.81,1018.8,4.0,0.0,0.0,0.0,35.0,18.0,0.0,0.0,25000.0,0.0,0.0,0.0,61.48580381875645,28.51419618124355,0.47737649021830864,68.9447004608295,9.055299539170505,-0.7000000000000455,-1.6000000000000227,-1.2000000000000455,1.0,6.0,14.0,77.0,74.0,72.0,64.0,66.0,65.0,45.0,51.0,55.0,57.0,59.0,63.0,74.33333333333333,70.5,67.41666666666667,2.5166114784235782,1020.0,-0.2588190451025208,-0.9659258262890683,0.49999999999999994,-0.8660254037844387,13.0,5.0,146.0,79.0,1.0,5.0,4.0,190.0,78.0,0.0,5.0,5.0,70.0,75.0,-3.0,0.0,9.0,170.0,78.0,0.0,5.0,3.0,190.0,2026-05-26T17:51:00+00:00,79.52957916259766,72.91365051269531,68.06985473632812,78.98,79.52957916259766
79.0,46.0,31.26,1018.1,0.0,0.0,-0.0,-0.0,33.0,10.0,0.0,0.0,25000.0,0.0,0.0,0.0,65.1922410480552,24.807758951944805,0.4195750091522848,69.49130434782609,9.508695652173913,-0.6999999999999318,-2.0,-2.2999999999999545,1.0,5.0,12.0,78.0,77.0,74.0,67.0,63.0,67.0,43.0,45.0,51.0,55.0,56.0,62.0,76.33333333333333,72.83333333333333,67.95833333333333,2.0816659994661304,1019.4666666666667,-0.4999999999999997,-0.8660254037844388,0.49999999999999994,-0.8660254037844387,14.0,5.0,146.0,81.0,2.0,4.0,7.0,180.0,80.0,1.0,6.0,10.0,170.0,75.0,-4.0,-1.0,9.0,210.0,80.0,1.0,5.0,3.0,240.0,2026-05-26T18:51:00+00:00,79.72681427001953,74.5829086303711,70.35831451416016,79.0,79.72681427001953
79.0,49.0,34.99,1017.6,3.0,0.0,0.5209445330007914,2.954423259036624,30.0,-2.0,0.0,0.0,25000.0,0.0,0.0,0.0,71.45656373410876,18.543436265891245,0.318023494869897,69.18595041322314,9.81404958677686,-0.5,-1.8999999999999773,-2.8999999999999773,0.0,2.0,10.0,79.0,78.0,77.0,69.0,62.0,71.0,46.0,43.0,45.0,54.0,57.0,63.0,78.0,74.83333333333333,68.45833333333333,0.9999999999999991,1018.8000000000001,-0.7071067811865471,-0.7071067811865479,0.49999999999999994,-0.8660254037844387,15.0,5.0,146.0,81.0,2.0,3.0,10.0,170.0,80.0,1.0,4.0,9.0,140.0,74.0,-5.0,0.0,7.0,170.0,81.0,2.0,3.0,4.0,150.0,2026-05-26T19:51:00+00:00,80.07868957519531,72.94764709472656,70.15336608886719,79.0,80.07868957519531
77.0,49.0,37.37,1017.0,4.0,0.0,0.0,0.0,28.0,-7.0,0.0,0.0,25000.0,0.0,0.0,0.0,79.65106200860231,10.34893799139769,0.17964251461429556,68.63424124513618,8.365758754863819,-0.6000000000000227,-1.7999999999999545,-3.3999999999999773,-2.0,-1.0,5.0,79.0,79.0,78.0,72.0,60.0,72.0,49.0,46.0,43.0,55.0,58.0,63.0,78.66666666666667,76.5,68.79166666666667,0.5773502691896232,1018.1666666666666,-0.8660254037844385,-0.5000000000000004,0.49999999999999994,-0.8660254037844387,16.0,5.0,146.0,81.0,4.0,2.0,8.0,160.0,80.0,3.0,2.0,9.0,180.0,73.0,-4.0,-2.0,8.0,180.0,81.0,4.0,3.0,9.0,190.0,2026-05-26T20:51:00+00:00,81.1468734741211,73.41435241699219,71.60540771484375,79.0,81.1468734741211
76.0,48.0,37.21,1016.5,0.0,0.0,0.0,0.0,28.0,-5.0,0.0,0.0,25000.0,0.0,0.0,0.0,89.20571165231475,0.7942883476852529,0.013862502848416648,67.51472868217054,8.485271317829458,-0.5,-1.6000000000000227,-3.6000000000000227,-1.0,-3.0,2.0,77.0,79.0,79.0,74.0,59.0,73.0,49.0,49.0,46.0,51.0,58.0,64.0,78.33333333333333,77.33333333333333,69.0,1.1547005383792495,1017.5666666666666,-0.9659258262890683,-0.25881904510252063,0.49999999999999994,-0.8660254037844387,17.0,5.0,146.0,77.0,1.0,-4.0,9.0,140.0,76.0,0.0,-4.0,12.0,170.0,69.0,-7.0,-6.0,9.0,170.0,80.0,4.0,0.0,7.0,190.0,2026-05-26T21:51:00+00:00,80.27677917480469,70.45648193359375,68.26343536376953,79.0,80.27677917480469
73.0,51.0,46.0,1016.4,3.0,0.0,0.0,0.0,22.0,-8.0,0.0,0.0,25000.0,0.0,0.0,0.0,99.67265403942885,0.0,0.0,66.32985074626866,6.6701492537313385,-0.10000000000002274,-1.2000000000000455,-3.1000000000000227,-3.0,-6.0,-4.0,76.0,77.0,79.0,77.0,61.0,72.0,48.0,49.0,49.0,45.0,58.0,64.0,77.33333333333333,77.66666666666667,69.125,1.5275252316519428,1017.0333333333333,-1.0,-1.8369701987210297e-16,0.49999999999999994,-0.8660254037844387,18.0,5.0,146.0,75.0,2.0,-6.0,7.0,160.0,73.0,0.0,-7.0,11.0,170.0,66.0,-7.0,-8.0,8.0,200.0,76.0,3.0,-5.0,8.0,190.0,2026-05-26T22:51:00+00:00,80.97921752929688,69.16437530517578,66.61773681640625,79.0,80.97921752929688
71.0,52.0,51.07,1016.5,3.0,0.0,0.0,0.0,19.0,-9.0,0.0,0.0,25000.0,0.0,0.0,0.0,110.70808225866351,0.0,0.0,64.87769784172662,6.122302158273385,0.10000000000002274,-0.5,-2.2999999999999545,-2.0,-6.0,-7.0,73.0,76.0,77.0,78.0,64.0,69.0,51.0,48.0,49.0,43.0,57.0,63.0,75.33333333333333,77.0,69.16666666666667,2.0816659994661264,1016.6333333333333,-0.9659258262890684,0.2588190451025203,0.49999999999999994,-0.8660254037844387,19.0,5.0,146.0,73.0,2.0,-8.0,8.0,180.0,71.0,0.0,-9.0,8.0,180.0,64.0,-7.0,-9.0,10.0,190.0,73.0,2.0,-8.0,8.0,190.0,2026-05-26T23:51:00+00:00,80.84268188476562,68.39582824707031,65.91162872314453,79.0,80.84268188476562
69.0,53.0,56.72,1016.2,0.0,0.0,-0.0,-0.0,16.0,-12.0,0.0,0.0,25000.0,0.0,0.0,0.0,122.02259483857621,0.0,0.0,63.590106007067135,5.409893992932865,-0.2999999999999545,-0.2999999999999545,-1.8999999999999773,-2.0,-7.0,-10.0,71.0,73.0,76.0,79.0,67.0,68.0,52.0,51.0,48.0,46.0,55.0,64.0,73.33333333333333,75.83333333333333,69.25,2.516611478423575,1016.4666666666667,-0.8660254037844386,0.5000000000000001,0.49999999999999994,-0.8660254037844387,20.0,5.0,146.0,72.0,3.0,-5.0,8.0,180.0,70.0,1.0,-6.0,10.0,180.0,64.0,-5.0,-5.0,6.0,190.0,71.0,2.0,-9.0,6.0,160.0,2026-05-27T00:51:00+00:00,80.93812561035156,67.30706024169922,65.38523864746094,79.0,80.93812561035156
70.0,54.0,56.86,1016.2,3.0,0.0,0.0,0.0,16.0,-6.0,0.0,0.0,25000.0,0.0,0.0,0.0,133.30810429743204,0.0,0.0,62.97192982456141,7.028070175438593,0.0,-0.1999999999999318,-1.3999999999999773,1.0,-3.0,-9.0,69.0,71.0,73.0,79.0,69.0,67.0,53.0,52.0,51.0,49.0,54.0,64.0,71.0,74.16666666666667,69.29166666666667,1.9999999999999876,1016.3666666666668,-0.7071067811865477,0.7071067811865474,0.49999999999999994,-0.8660254037844387,21.0,5.0,146.0,72.0,2.0,-3.0,6.0,180.0,69.0,-1.0,-4.0,7.0,190.0,61.0,-9.0,-5.0,6.0,200.0,70.0,0.0,-6.0,5.0,200.0,2026-05-27T01:51:00+00:00,81.02584075927734,67.94551086425781,66.16059112548828,79.0,81.02584075927734
75.0,42.0,30.62,1021.2,11.0,0.0,-8.426488874308758,-7.070663706551933,33.0,14.0,0.0,0.0,25000.0,0.0,0.0,0.0,60.82281040063251,29.177189599367487,0.4875120957209376,76.46376811594203,-1.463768115942031,-0.5,-1.1999999999999318,-1.1999999999999318,2.0,9.0,21.0,73.0,70.0,66.0,54.0,53.0,69.0,43.0,41.0,47.0,48.0,48.0,48.0,69.66666666666667,63.5,60.583333333333336,3.5118845842842363,1022.1,1.2246467991473532e-16,-1.0,1.2246467991473532e-16,-1.0,12.0,6.0,153.0,76.0,1.0,7.0,14.0,20.0,73.0,-2.0,6.0,14.0,20.0,74.0,-1.0,5.0,12.0,10.0,75.0,0.0,6.0,8.0,50.0,2026-06-02T16:51:00+00:00,76.63231658935547,72.9884033203125,70.55164337158203,75.0,76.63231658935547
75.0,40.0,28.34,1020.7,9.0,0.0,-4.499999999999999,-7.794228634059948,35.0,6.0,2.0,2.0,100.0,0.0,0.0,0.0,61.484191453343094,28.515808546656906,0.47740121756877524,77.93939393939394,-2.9393939393939377,-0.5,-1.5,-1.6999999999999318,0.0,5.0,18.0,75.0,73.0,70.0,57.0,53.0,71.0,42.0,43.0,41.0,49.0,48.0,49.0,72.66666666666667,67.0,60.833333333333336,2.5166114784235654,1021.7000000000002,-0.2588190451025208,-0.9659258262890683,1.2246467991473532e-16,-1.0,13.0,6.0,153.0,75.0,0.0,4.0,9.0,350.0,74.0,-1.0,4.0,15.0,360.0,76.0,1.0,5.0,14.0,20.0,76.0,1.0,5.0,9.0,30.0,2026-06-02T17:51:00+00:00,76.42032623291016,72.00318908691406,68.40544128417969,75.92,76.42032623291016
75.0,40.0,28.34,1020.7,9.0,0.0,-4.499999999999999,-7.794228634059948,35.0,6.0,2.0,2.0,100.0,0.0,0.0,0.0,61.484191453343094,28.515808546656906,0.47740121756877524,77.93939393939394,-2.9393939393939377,-0.5,-1.5,-1.6999999999999318,0.0,5.0,18.0,75.0,73.0,70.0,57.0,53.0,71.0,42.0,43.0,41.0,49.0,48.0,49.0,72.66666666666667,67.0,60.833333333333336,2.5166114784235654,1021.7000000000002,-0.2588190451025208,-0.9659258262890683,1.2246467991473532e-16,-1.0,13.0,6.0,153.0,75.0,0.0,4.0,9.0,350.0,74.0,-1.0,4.0,15.0,360.0,76.0,1.0,5.0,14.0,20.0,76.0,1.0,5.0,9.0,30.0,2026-06-02T17:51:00+00:00,76.42032623291016,72.00318908691406,68.40544128417969,76.0,76.42032623291016
75.0,38.0,26.21,1019.9,6.0,0.0,0.0,0.0,37.0,4.0,2.0,2.0,200.0,0.0,0.0,0.0,71.45499175359642,18.545008246403583,0.3180495065742621,77.2493927125506,-2.249392712550602,-0.20000000000004547,-1.3000000000000682,-2.5,-1.0,0.0,9.0,76.0,75.0,75.0,66.0,53.0,67.0,41.0,40.0,42.0,47.0,48.0,47.0,75.33333333333333,72.5,61.333333333333336,0.5773502691896278,1020.6666666666666,-0.7071067811865471,-0.7071067811865479,1.2246467991473532e-16,-1.0,15.0,6.0,153.0,79.0,4.0,3.0,9.0,30.0,76.0,1.0,3.0,9.0,360.0,77.0,2.0,3.0,14.0,330.0,77.0,2.0,2.0,8.0,10.0,2026-06-02T19:51:00+00:00,77.65908813476562,71.4636001586914,68.65996551513672,76.0,77.65908813476562
82.0,51.0,34.18,1016.0,4.0,1.1500000000000057,3.4641016151377544,-2.0000000000000004,31.0,13.0,0.0,0.0,25000.0,0.0,0.0,0.0,68.57925824407405,21.420741755925945,0.3652138137373711,73.43362831858407,8.56637168141593,-0.10000000000002274,-0.5,-0.20000000000004547,3.0,12.0,15.0,79.0,76.0,70.0,67.0,73.0,78.0,52.0,52.0,52.0,52.0,54.0,47.0,75.0,71.16666666666667,75.66666666666667,4.582575694955844,1016.3333333333334,0.49999999999999994,-0.8660254037844387,1.2246467991473532e-16,-1.0,10.0,6.0,156.0,85.0,3.0,9.0,0.0,0.0,82.0,0.0,10.0,7.0,320.0,85.0,3.0,10.0,0.0,0.0,85.0,3.0,14.0,7.0,300.0,2026-06-05T14:51:00+00:00,87.95699310302734,86.79756164550781,83.39325714111328,82.0,87.95699310302734
82.0,51.0,34.18,1016.0,4.0,1.1500000000000057,3.4641016151377544,-2.0000000000000004,31.0,13.0,0.0,0.0,25000.0,0.0,0.0,0.0,68.57925824407405,21.420741755925945,0.3652138137373711,73.43362831858407,8.56637168141593,-0.10000000000002274,-0.5,-0.20000000000004547,3.0,12.0,15.0,79.0,76.0,70.0,67.0,73.0,78.0,52.0,52.0,52.0,52.0,54.0,47.0,75.0,71.16666666666667,75.66666666666667,4.582575694955844,1016.3333333333334,0.49999999999999994,-0.8660254037844387,1.2246467991473532e-16,-1.0,10.0,6.0,156.0,85.0,3.0,9.0,0.0,0.0,82.0,0.0,10.0,7.0,320.0,85.0,3.0,10.0,0.0,0.0,85.0,3.0,14.0,7.0,300.0,2026-06-05T14:51:00+00:00,87.95699310302734,86.79756164550781,83.39325714111328,85.0,87.95699310302734
86.0,49.0,27.91,1014.9,0.0,2.5,-0.0,-0.0,37.0,10.0,0.0,0.0,25000.0,0.0,0.0,0.0,60.82215691298143,29.177843087018573,0.48752205402614507,76.46376811594203,9.536231884057969,-0.8000000000000682,-1.2000000000000455,-1.8000000000000682,1.0,7.0,18.0,85.0,82.0,79.0,68.0,73.0,84.0,47.0,51.0,52.0,52.0,54.0,41.0,82.0,76.66666666666667,75.95833333333333,3.000000000000007,1015.9333333333334,1.2246467991473532e-16,-1.0,1.2246467991473532e-16,-1.0,12.0,6.0,156.0,89.0,3.0,6.0,8.0,320.0,88.0,2.0,8.0,11.0,270.0,86.0,0.0,4.0,11.0,210.0,88.0,2.0,6.0,9.0,280.0,2026-06-05T16:51:00+00:00,87.46873474121094,85.06067657470703,83.20276641845703,86.0,87.46873474121094
87.0,50.0,28.06,1014.2,0.0,2.5600000000000023,0.0,0.0,37.0,6.0,0.0,0.0,25000.0,0.0,0.0,0.0,61.48350035514963,28.51649964485037,0.4774118161839912,77.93939393939394,9.060606060606062,-0.6999999999999318,-1.7999999999999545,-2.2999999999999545,1.0,5.0,17.0,86.0,85.0,82.0,70.0,71.0,85.0,49.0,47.0,51.0,52.0,54.0,42.0,84.33333333333333,79.66666666666667,76.04166666666667,2.0816659994661446,1015.5333333333334,-0.2588190451025208,-0.9659258262890683,1.2246467991473532e-16,-1.0,13.0,6.0,156.0,89.0,2.0,4.0,0.0,0.0,89.0,2.0,7.0,9.0,230.0,85.0,-2.0,0.0,12.0,190.0,89.0,2.0,4.0,6.0,230.0,2026-06-05T17:51:00+00:00,87.8100814819336,84.23941040039062,79.68968200683594,87.08000000000001,87.8100814819336
86.0,51.0,30.06,1013.8,3.0,2.239999999999995,0.0,0.0,35.0,-3.0,0.0,0.0,25000.0,0.0,0.0,0.0,65.18992578047512,24.81007421952488,0.4196116889326312,77.47881355932203,8.521186440677965,-0.40000000000009095,-1.900000000000091,-2.6000000000000227,-1.0,1.0,10.0,87.0,86.0,85.0,76.0,70.0,83.0,50.0,49.0,47.0,52.0,54.0,39.0,86.0,82.5,76.125,1.0000000000000284,1014.9333333333334,-0.4999999999999997,-0.8660254037844388,1.2246467991473532e-16,-1.0,14.0,6.0,156.0,91.0,5.0,2.0,13.0,260.0,90.0,4.0,5.0,9.0,240.0,85.0,-1.0,-1.0,10.0,170.0,90.0,4.0,4.0,7.0,250.0,2026-06-05T18:51:00+00:00,87.59392547607422,82.48968505859375,78.75753784179688,87.08000000000001,87.59392547607422
87.0,48.0,26.04,1013.2,0.0,2.8100000000000023,0.0,0.0,39.0,2.0,0.0,0.0,25000.0,0.0,0.0,0.0,71.45431799084106,18.545682009158938,0.3180606553144958,77.2493927125506,9.750607287449398,-0.599999999999909,-1.6999999999999318,-2.8999999999999773,1.0,1.0,8.0,86.0,87.0,86.0,79.0,68.0,82.0,51.0,50.0,49.0,52.0,52.0,47.0,86.33333333333333,84.16666666666667,76.25,0.5773502691896739,1014.2999999999998,-0.7071067811865471,-0.7071067811865479,1.2246467991473532e-16,-1.0,15.0,6.0,156.0,92.0,5.0,3.0,11.0,250.0,89.0,2.0,1.0,10.0,320.0,84.0,-3.0,-2.0,12.0,190.0,90.0,3.0,2.0,8.0,300.0,2026-06-05T19:51:00+00:00,87.67259979248047,82.53768920898438,79.79547119140625,87.08000000000001,87.67259979248047
81.0,63.0,54.43,1011.4,3.0,-1.2900000000000063,0.0,0.0,18.0,1.0,2.0,2.0,3100.0,0.0,0.0,0.0,68.57909077355822,21.42090922644178,0.3652165347436709,73.43362831858407,7.56637168141593,-0.3000000000000682,-1.2000000000000455,-0.8999999999999773,0.0,5.0,7.0,81.0,78.0,76.0,74.0,76.0,82.0,61.0,59.0,59.0,57.0,58.0,51.0,78.33333333333333,76.33333333333333,79.75,2.516611478423588,1012.2333333333332,0.49999999999999994,-0.8660254037844387,1.2246467991473532e-16,-1.0,10.0,6.0,157.0,86.0,5.0,9.0,13.0,260.0,86.0,5.0,7.0,10.0,230.0,81.0,0.0,9.0,10.0,210.0,84.0,3.0,9.0,11.0,250.0,2026-06-06T14:51:00+00:00,87.60755157470703,86.17610931396484,83.70747375488281,81.0,87.60755157470703
81.0,63.0,54.43,1011.4,3.0,-1.2900000000000063,0.0,0.0,18.0,1.0,2.0,2.0,3100.0,0.0,0.0,0.0,68.57909077355822,21.42090922644178,0.3652165347436709,73.43362831858407,7.56637168141593,-0.3000000000000682,-1.2000000000000455,-0.8999999999999773,0.0,5.0,7.0,81.0,78.0,76.0,74.0,76.0,82.0,61.0,59.0,59.0,57.0,58.0,51.0,78.33333333333333,76.33333333333333,79.75,2.516611478423588,1012.2333333333332,0.49999999999999994,-0.8660254037844387,1.2246467991473532e-16,-1.0,10.0,6.0,157.0,86.0,5.0,9.0,13.0,260.0,86.0,5.0,7.0,10.0,230.0,81.0,0.0,9.0,10.0,210.0,84.0,3.0,9.0,11.0,250.0,2026-06-06T14:51:00+00:00,87.60755157470703,86.17610931396484,83.70747375488281,84.0,87.60755157470703
85.0,62.0,46.19,1010.2,4.0,-0.5699999999999932,0.0,0.0,23.0,3.0,0.0,0.0,25000.0,0.0,0.0,0.0,60.82193907119299,29.178060928807007,0.4875253736386919,76.46376811594203,8.536231884057969,-1.0,-1.5,-2.5,1.0,4.0,10.0,84.0,81.0,81.0,75.0,77.0,86.0,62.0,63.0,61.0,58.0,53.0,49.0,82.0,79.16666666666667,79.66666666666667,1.7320508075688772,1011.4333333333334,1.2246467991473532e-16,-1.0,1.2246467991473532e-16,-1.0,12.0,6.0,157.0,90.0,5.0,5.0,13.0,210.0,88.0,3.0,4.0,14.0,230.0,83.0,-2.0,3.0,12.0,210.0,87.0,2.0,4.0,15.0,230.0,2026-06-06T16:51:00+00:00,87.07777404785156,84.49827575683594,82.34683990478516,85.0,87.07777404785156
86.0,60.0,41.68,1009.6,7.0,0.20000000000000284,6.893654271085456,1.2155372436685123,26.0,8.0,0.0,-2.0,25000.0,0.0,0.0,0.0,61.48326997789609,28.516730022103907,0.47741534921188783,77.93939393939394,8.060606060606062,-0.6000000000000227,-1.7999999999999545,-3.0,1.0,5.0,10.0,85.0,84.0,81.0,76.0,77.0,87.0,62.0,62.0,63.0,59.0,54.0,50.0,83.33333333333333,80.83333333333333,79.625,2.081665999466134,1010.9333333333334,-0.2588190451025208,-0.9659258262890683,1.2246467991473532e-16,-1.0,13.0,6.0,157.0,91.0,5.0,5.0,14.0,220.0,90.0,4.0,4.0,15.0,210.0,81.0,-5.0,0.0,11.0,180.0,89.0,3.0,5.0,15.0,250.0,2026-06-06T17:51:00+00:00,87.66218566894531,83.78136444091797,80.21642303466797,86.0,87.66218566894531
87.0,61.0,41.83,1008.5,0.0,-0.0799999999999983,0.0,0.0,26.0,4.0,0.0,-2.0,25000.0,0.0,0.0,0.0,65.18969422762883,24.810305772371166,0.4196153572862824,77.47881355932203,9.521186440677965,-1.1000000000000227,-2.7000000000000455,-3.8999999999999773,1.0,3.0,9.0,86.0,85.0,84.0,78.0,76.0,86.0,60.0,62.0,62.0,59.0,54.0,51.0,85.0,82.5,79.58333333333333,1.000000000000007,1010.3333333333334,-0.4999999999999997,-0.8660254037844388,1.2246467991473532e-16,-1.0,14.0,6.0,157.0,92.0,5.0,5.0,15.0,230.0,90.0,3.0,2.200000000000003,16.0,210.0,82.0,-5.0,4.0,12.0,190.0,92.0,5.0,7.0,9.0,230.0,2026-06-06T18:51:00+00:00,87.76049041748047,82.9620361328125,79.8793716430664,87.0,87.76049041748047
87.0,61.0,41.83,1007.6,0.0,-0.0799999999999983,0.0,0.0,26.0,3.0,0.0,0.0,25000.0,0.0,0.0,0.0,71.45409339574842,18.545906604251584,0.31806437167569324,77.2493927125506,9.750607287449398,-0.8999999999999773,-2.6000000000000227,-4.100000000000023,0.0,2.0,6.0,87.0,86.0,85.0,81.0,75.0,87.0,61.0,60.0,62.0,61.0,55.0,48.0,86.0,84.0,79.625,1.000000000000007,1009.4333333333334,-0.7071067811865471,-0.7071067811865479,1.2246467991473532e-16,-1.0,15.0,6.0,157.0,91.0,4.0,1.0,18.0,250.0,91.0,4.0,3.0,15.0,220.0,81.0,-6.0,-2.0,10.0,170.0,90.0,3.0,3.0,17.0,220.0,2026-06-06T19:51:00+00:00,88.22328186035156,82.85488891601562,77.21619415283203,87.0,88.22328186035156
86.0,62.0,44.74,1007.3,11.0,-0.5100000000000051,9.526279441628823,5.500000000000005,24.0,-2.0,0.0,0.0,25000.0,0.0,0.0,0.0,79.64870844788867,10.351291552111334,0.17968292359775795,76.79681274900399,9.20318725099601,-0.3000000000000682,-2.300000000000068,-4.100000000000023,-1.0,0.0,5.0,87.0,87.0,86.0,81.0,74.0,87.0,61.0,61.0,60.0,63.0,57.0,52.0,86.66666666666667,85.0,79.625,0.577350269189637,1008.5666666666666,-0.8660254037844385,-0.5000000000000004,1.2246467991473532e-16,-1.0,16.0,6.0,157.0,92.0,6.0,1.0,20.0,220.0,91.0,5.0,1.0,11.0,240.0,82.0,-4.0,1.0,11.0,200.0,90.0,4.0,1.0,15.0,250.0,2026-06-06T20:51:00+00:00,88.21404266357422,80.4375991821289,76.04847717285156,87.0,88.21404266357422
69.0,47.0,45.37,1025.0,0.0,0.0,0.0,0.0,22.0,8.0,0.0,-8.0,25000.0,0.0,0.039999999999999994,0.0,76.04630997311341,13.95369002688659,0.2411375639766037,71.4784140969163,-2.478414096916296,0.7000000000000455,2.2000000000000455,4.2999999999999545,2.0,5.0,5.0,67.0,65.0,64.0,64.0,72.0,76.0,47.0,50.0,50.0,57.0,57.0,62.0,65.33333333333333,64.33333333333333,71.91666666666667,1.527525231651948,1023.5,0.7071067811865476,-0.7071067811865475,1.2246467991473532e-16,-1.0,9.0,6.0,159.0,71.0,2.0,5.0,10.0,70.0,69.0,0.0,5.0,13.0,50.0,71.0,2.0,9.0,10.0,60.0,70.0,1.0,5.0,6.0,90.0,2026-06-08T13:51:00+00:00,78.73900604248047,74.31986999511719,72.74401092529297,75.92,78.73900604248047
69.0,47.0,45.37,1025.0,0.0,0.0,0.0,0.0,22.0,8.0,0.0,-8.0,25000.0,0.0,0.039999999999999994,0.0,76.04630997311341,13.95369002688659,0.2411375639766037,71.4784140969163,-2.478414096916296,0.7000000000000455,2.2000000000000455,4.2999999999999545,2.0,5.0,5.0,67.0,65.0,64.0,64.0,72.0,76.0,47.0,50.0,50.0,57.0,57.0,62.0,65.33333333333333,64.33333333333333,71.91666666666667,1.527525231651948,1023.5,0.7071067811865476,-0.7071067811865475,1.2246467991473532e-16,-1.0,9.0,6.0,159.0,71.0,2.0,5.0,10.0,70.0,69.0,0.0,5.0,13.0,50.0,71.0,2.0,9.0,10.0,60.0,70.0,1.0,5.0,6.0,90.0,2026-06-08T13:51:00+00:00,78.73900604248047,74.31986999511719,72.74401092529297,75.92,78.73900604248047
71.0,51.0,49.22,1025.2,0.0,0.0,0.0,0.0,20.0,-5.0,4.0,4.0,5000.0,0.0,0.02,0.0,61.48280920628394,28.51719079371606,0.47742241550684505,77.93939393939394,-6.939393939393938,0.20000000000004547,0.0,1.8000000000000682,-3.0,1.0,6.0,74.0,73.0,70.0,65.0,66.0,73.0,47.0,46.0,45.0,50.0,56.0,63.0,72.33333333333333,69.66666666666667,70.79166666666667,2.0816659994661304,1025.2333333333333,-0.2588190451025208,-0.9659258262890683,1.2246467991473532e-16,-1.0,13.0,6.0,159.0,72.0,1.0,0.0,10.0,150.0,74.0,3.0,5.0,11.0,180.0,71.0,0.0,-1.0,13.0,140.0,74.0,3.0,2.0,11.0,220.0,2026-06-08T17:51:00+00:00,77.18891143798828,68.9636459350586,65.99931335449219,75.92,77.18891143798828
71.0,51.0,49.22,1025.2,0.0,0.0,0.0,0.0,20.0,-5.0,4.0,4.0,5000.0,0.0,0.02,0.0,61.48280920628394,28.51719079371606,0.47742241550684505,77.93939393939394,-6.939393939393938,0.20000000000004547,0.0,1.8000000000000682,-3.0,1.0,6.0,74.0,73.0,70.0,65.0,66.0,73.0,47.0,46.0,45.0,50.0,56.0,63.0,72.33333333333333,69.66666666666667,70.79166666666667,2.0816659994661304,1025.2333333333333,-0.2588190451025208,-0.9659258262890683,1.2246467991473532e-16,-1.0,13.0,6.0,159.0,72.0,1.0,0.0,10.0,150.0,74.0,3.0,5.0,11.0,180.0,71.0,0.0,-1.0,13.0,140.0,74.0,3.0,2.0,11.0,220.0,2026-06-08T17:51:00+00:00,77.18891143798828,68.9636459350586,65.99931335449219,75.92,77.18891143798828
71.0,46.0,40.81,1024.6,6.0,0.0,0.0,0.0,25.0,-2.0,0.0,0.0,25000.0,0.0,0.0,0.0,71.4536441939888,18.546355806011206,0.3180718045749449,77.2493927125506,-6.249392712550602,-0.40000000000009095,-0.40000000000009095,-0.40000000000009095,-1.0,-3.0,2.0,72.0,71.0,74.0,69.0,64.0,81.0,47.0,51.0,47.0,47.0,57.0,57.0,72.33333333333333,71.5,70.66666666666667,1.527525231651948,1025.0666666666666,-0.7071067811865471,-0.7071067811865479,1.2246467991473532e-16,-1.0,15.0,6.0,159.0,73.0,2.0,0.0,10.0,150.0,73.0,2.0,0.0,11.0,180.0,69.0,-2.0,-3.0,11.0,180.0,74.0,3.0,0.0,12.0,200.0,2026-06-08T19:51:00+00:00,77.27953338623047,67.30722045898438,65.75794982910156,75.92,77.27953338623047
63.0,45.0,51.79,1025.1,3.0,0.0,3.0,5.51091059616309e-16,18.0,-2.0,0.0,0.0,25000.0,0.0,0.0,0.0,95.23171973264371,0.0,0.0,68.27490039840637,-5.274900398406373,-0.10000000000013642,0.3999999999998636,0.0,1.0,1.0,-1.0,62.0,62.0,62.0,64.0,67.0,65.0,43.0,42.0,42.0,43.0,45.0,50.0,62.0,62.5,67.04166666666667,0.0,1025.0,0.9659258262890683,-0.25881904510252063,1.2246467991473532e-16,-1.0,7.0,6.0,160.0,66.0,3.0,7.0,12.0,230.0,68.0,5.0,4.0,12.0,250.0,65.0,2.0,4.0,13.0,230.0,66.0,3.0,12.0,11.0,240.0,2026-06-09T11:51:00+00:00,80.26192474365234,69.33375549316406,76.97732543945312,66.92,80.26192474365234
66.0,44.0,44.9,1024.9,4.0,0.0,0.0,0.0,22.0,2.0,0.0,0.0,25000.0,0.0,0.0,0.0,85.09709326941177,4.902906730588228,0.08546746963615443,69.26724137931035,-3.2672413793103487,-0.1999999999998181,-0.1999999999998181,0.0,3.0,4.0,3.0,63.0,62.0,62.0,63.0,65.0,67.0,45.0,43.0,42.0,43.0,45.0,47.0,62.333333333333336,62.333333333333336,66.95833333333333,0.5773502691896247,1025.1333333333332,0.8660254037844387,-0.4999999999999998,1.2246467991473532e-16,-1.0,8.0,6.0,160.0,69.0,3.0,10.0,13.0,240.0,70.0,4.0,6.0,7.0,240.0,67.0,1.0,7.0,14.0,240.0,69.0,3.0,10.0,8.0,240.0,2026-06-09T12:51:00+00:00,81.69987487792969,75.68085479736328,79.95689392089844,66.92,81.69987487792969
70.0,44.0,39.13,1024.2,3.0,0.0,0.0,0.0,26.0,7.0,0.0,0.0,25000.0,0.0,0.0,0.0,76.04616964378182,13.953830356218177,0.24113994091091553,71.4784140969163,-1.4784140969162962,-0.7000000000000455,-1.0,-0.599999999999909,4.0,8.0,8.0,66.0,63.0,62.0,62.0,65.0,69.0,44.0,45.0,43.0,44.0,45.0,47.0,63.666666666666664,62.833333333333336,66.91666666666667,2.0816659994661335,1025.0666666666666,0.7071067811865476,-0.7071067811865475,1.2246467991473532e-16,-1.0,9.0,6.0,160.0,73.0,3.0,11.0,11.0,220.0,72.0,2.0,7.0,12.0,230.0,70.0,0.0,7.0,14.0,230.0,71.0,1.0,9.0,8.0,270.0,2026-06-09T13:51:00+00:00,81.5807113647461,77.55260467529297,78.988037109375,70.0,81.5807113647461
73.0,45.0,36.73,1023.4,6.0,0.0,0.0,0.0,28.0,10.0,0.0,0.0,25000.0,0.0,0.0,0.0,68.5785883226193,21.421411677380704,0.3652246983838657,73.43362831858407,-0.4336283185840699,-0.8000000000000682,-1.6999999999999318,-1.3000000000000682,3.0,10.0,11.0,70.0,66.0,63.0,62.0,66.0,70.0,44.0,44.0,45.0,42.0,46.0,45.0,66.33333333333333,64.16666666666667,66.95833333333333,3.5118845842842488,1024.7333333333333,0.49999999999999994,-0.8660254037844387,1.2246467991473532e-16,-1.0,10.0,6.0,160.0,75.0,2.0,9.0,10.0,230.0,74.0,1.0,6.0,14.0,220.0,72.0,-1.0,7.0,12.0,250.0,73.0,0.0,7.0,9.0,270.0,2026-06-09T14:51:00+00:00,80.06698608398438,75.9909896850586,77.43492126464844,73.0,80.06698608398438
76.0,47.0,35.84,1022.9,5.0,0.0,0.0,0.0,29.0,7.0,0.0,0.0,25000.0,0.0,0.0,0.0,63.303426124270494,26.696573875729506,0.4492655767505018,75.83644859813084,0.16355140186915662,-0.5,-2.0000000000001137,-2.199999999999932,3.0,10.0,14.0,73.0,70.0,66.0,62.0,66.0,73.0,45.0,44.0,44.0,42.0,44.0,46.0,69.66666666666667,66.0,67.08333333333333,3.5118845842842488,1024.1666666666667,0.258819045102521,-0.9659258262890682,1.2246467991473532e-16,-1.0,11.0,6.0,160.0,78.0,2.0,9.0,11.0,230.0,76.0,0.0,6.0,9.0,220.0,73.0,-3.0,6.0,10.0,200.0,76.0,0.0,7.0,9.0,240.0,2026-06-09T15:51:00+00:00,80.40644073486328,77.07722473144531,75.36361694335938,76.0,80.40644073486328
77.0,49.0,37.37,1021.9,0.0,0.0,0.0,0.0,28.0,2.0,0.0,0.0,25000.0,0.0,0.0,0.0,60.821285508316556,29.178714491683444,0.4875353330056618,76.46376811594203,0.536231884057969,-1.0,-2.300000000000068,-3.300000000000068,1.0,7.0,15.0,76.0,73.0,70.0,62.0,65.0,74.0,47.0,45.0,44.0,43.0,44.0,47.0,73.0,68.33333333333333,67.20833333333333,3.000000000000001,1023.5,1.2246467991473532e-16,-1.0,1.2246467991473532e-16,-1.0,12.0,6.0,160.0,79.0,2.0,6.0,11.0,220.0,78.0,1.0,6.0,11.0,230.0,74.0,-3.0,4.0,10.0,190.0,78.0,1.0,7.0,10.0,230.0,2026-06-09T16:51:00+00:00,79.72611999511719,76.54148864746094,73.6083984375,77.0,79.72611999511719
78.0,52.0,40.42,1020.8,0.0,0.0,-0.0,-0.0,26.0,-2.0,0.0,0.0,25000.0,0.0,0.0,0.0,61.482578812140254,28.517421187859746,0.4774259487706081,77.93939393939394,0.06060606060606233,-1.1000000000000227,-2.6000000000000227,-4.2999999999999545,1.0,5.0,15.0,77.0,76.0,73.0,63.0,64.0,71.0,49.0,47.0,45.0,45.0,43.0,51.0,75.33333333333333,70.83333333333333,67.33333333333333,2.0816659994661353,1022.7333333333332,-0.2588190451025208,-0.9659258262890683,1.2246467991473532e-16,-1.0,13.0,6.0,160.0,81.0,3.0,6.0,7.0,230.0,79.0,1.0,5.0,10.0,230.0,74.0,-4.0,2.0,13.0,170.0,79.0,1.0,6.0,8.0,250.0,2026-06-09T17:51:00+00:00,79.71377563476562,75.32652282714844,73.40116882324219,78.08,79.71377563476562
79.0,55.0,43.65,1020.0,0.0,0.0,0.0,0.0,24.0,-5.0,0.0,0.0,25000.0,0.0,0.0,0.0,65.18899954078876,24.811000459211243,0.4196263627544723,77.47881355932203,1.5211864406779654,-0.7999999999999545,-2.8999999999999773,-4.900000000000091,1.0,3.0,13.0,78.0,77.0,76.0,66.0,63.0,72.0,52.0,49.0,47.0,44.0,43.0,47.0,77.0,73.33333333333333,67.625,1.0000000000000098,1021.8666666666667,-0.4999999999999997,-0.8660254037844388,1.2246467991473532e-16,-1.0,14.0,6.0,160.0,81.0,2.0,3.0,9.0,260.0,79.0,0.0,3.0,12.0,180.0,73.0,-6.0,0.0,14.0,190.0,80.0,1.0,4.0,6.0,230.0,2026-06-09T18:51:00+00:00,79.60657501220703,76.3337173461914,74.22248077392578,79.0,79.60657501220703
78.0,52.0,40.42,1019.3,5.0,0.0,0.0,0.0,26.0,-2.0,0.0,0.0,25000.0,0.0,0.0,0.0,71.45341958753065,18.546580412469353,0.3180755211095433,77.2493927125506,0.7506072874493981,-0.7000000000000455,-2.6000000000000227,-4.900000000000091,-1.0,1.0,8.0,79.0,78.0,77.0,70.0,62.0,71.0,55.0,52.0,49.0,44.0,44.0,46.0,78.0,75.5,67.91666666666667,1.0000000000000098,1020.9000000000001,-0.7071067811865471,-0.7071067811865479,1.2246467991473532e-16,-1.0,15.0,6.0,160.0,83.0,5.0,4.0,4.0,200.0,78.0,0.0,0.0,14.0,170.0,73.0,-5.0,-1.0,15.0,200.0,82.0,4.0,4.0,11.0,200.0,2026-06-09T19:51:00+00:00,80.52273559570312,74.58590698242188,73.00540161132812,79.0,80.52273559570312
78.0,52.0,40.42,1019.3,5.0,0.0,0.0,0.0,26.0,-2.0,0.0,0.0,25000.0,0.0,0.0,0.0,71.45341958753065,18.546580412469353,0.3180755211095433,77.2493927125506,0.7506072874493981,-0.7000000000000455,-2.6000000000000227,-4.900000000000091,-1.0,1.0,8.0,79.0,78.0,77.0,70.0,62.0,71.0,55.0,52.0,49.0,44.0,44.0,46.0,78.0,75.5,67.91666666666667,1.0000000000000098,1020.9000000000001,-0.7071067811865471,-0.7071067811865479,1.2246467991473532e-16,-1.0,15.0,6.0,160.0,83.0,5.0,4.0,4.0,200.0,78.0,0.0,0.0,14.0,170.0,73.0,-5.0,-1.0,15.0,200.0,82.0,4.0,4.0,11.0,200.0,2026-06-09T19:51:00+00:00,80.52273559570312,74.58590698242188,73.00540161132812,79.0,80.52273559570312
75.0,50.0,41.45,1018.3,3.0,0.0,0.0,0.0,25.0,1.0,0.0,0.0,25000.0,0.0,0.0,0.0,89.20286908561818,0.7971309143818246,0.013912110212211717,76.25396825396825,-1.253968253968253,-0.5,-1.7000000000000455,-4.600000000000023,-1.0,-4.0,-1.0,76.0,78.0,79.0,76.0,62.0,69.0,50.0,52.0,55.0,47.0,42.0,45.0,77.66666666666667,77.33333333333333,68.45833333333333,1.527525231651955,1019.3666666666668,-0.9659258262890683,-0.25881904510252063,1.2246467991473532e-16,-1.0,17.0,6.0,160.0,82.0,7.0,1.0,9.0,180.0,74.0,-1.0,-5.0,12.0,170.0,68.0,-7.0,-5.0,17.0,190.0,80.0,5.0,0.0,7.0,180.0,2026-06-09T21:51:00+00:00,79.5446548461914,72.47549438476562,70.85694885253906,79.0,79.5446548461914
75.0,51.0,43.02,1017.8,0.0,0.0,-0.0,-0.0,24.0,-2.0,0.0,0.0,25000.0,0.0,0.0,0.0,99.66994087202121,0.0,0.0,75.25670498084291,-0.2567049808429118,-0.5,-1.5,-4.100000000000023,0.0,-3.0,-2.0,75.0,76.0,78.0,77.0,62.0,69.0,50.0,50.0,52.0,49.0,43.0,45.0,76.33333333333333,77.16666666666667,68.70833333333333,1.527525231651955,1018.8000000000001,-1.0,-1.8369701987210297e-16,1.2246467991473532e-16,-1.0,18.0,6.0,160.0,82.0,7.0,-1.0,11.0,230.0,74.0,-1.0,-4.0,11.0,180.0,67.0,-8.0,-6.0,15.0,190.0,79.0,4.0,-3.0,7.0,180.0,2026-06-09T22:51:00+00:00,80.44413757324219,72.4889907836914,71.30831146240234,79.0,80.44413757324219
85.0,72.0,65.23,1008.4,3.0,-5.969999999999999,0.0,0.0,13.0,8.0,0.0,0.0,25000.0,0.0,0.0,0.0,68.57825332246192,21.42174667753808,0.3652301413290309,73.43362831858407,11.56637168141593,-0.10000000000002274,0.0,0.8999999999999773,2.0,9.0,12.0,83.0,79.0,76.0,73.0,77.0,76.0,72.0,71.0,71.0,70.0,70.0,64.0,79.33333333333333,76.16666666666667,77.58333333333333,3.511884584284251,1008.5,0.49999999999999994,-0.8660254037844387,1.2246467991473532e-16,-1.0,10.0,6.0,162.0,88.0,3.0,10.0,8.0,230.0,86.0,1.0,8.0,7.0,310.0,85.0,0.0,10.0,12.0,230.0,88.0,3.0,10.0,8.0,310.0,2026-06-11T14:51:00+00:00,90.31107330322266,88.93366241455078,87.31378173828125,85.0,90.31107330322266
85.0,72.0,65.23,1008.4,3.0,-5.969999999999999,0.0,0.0,13.0,8.0,0.0,0.0,25000.0,0.0,0.0,0.0,68.57825332246192,21.42174667753808,0.3652301413290309,73.43362831858407,11.56637168141593,-0.10000000000002274,0.0,0.8999999999999773,2.0,9.0,12.0,83.0,79.0,76.0,73.0,77.0,76.0,72.0,71.0,71.0,70.0,70.0,64.0,79.33333333333333,76.16666666666667,77.58333333333333,3.511884584284251,1008.5,0.49999999999999994,-0.8660254037844387,1.2246467991473532e-16,-1.0,10.0,6.0,162.0,88.0,3.0,10.0,8.0,230.0,86.0,1.0,8.0,7.0,310.0,85.0,0.0,10.0,12.0,230.0,88.0,3.0,10.0,8.0,310.0,2026-06-11T14:51:00+00:00,90.31107330322266,88.93366241455078,87.31378173828125,87.0,90.31107330322266
90.0,73.0,57.6,1007.2,4.0,-8.349999999999994,0.0,0.0,17.0,6.0,2.0,2.0,4400.0,0.0,0.0,0.0,60.82084976842339,29.179150231576607,0.4875419730254987,76.46376811594203,13.536231884057969,-0.8999999999999773,-1.2999999999999545,-0.8999999999999773,3.0,7.0,16.0,87.0,85.0,83.0,74.0,76.0,81.0,72.0,72.0,72.0,71.0,69.0,66.0,85.0,80.66666666666667,78.29166666666667,2.000000000000017,1008.3333333333334,1.2246467991473532e-16,-1.0,1.2246467991473532e-16,-1.0,12.0,6.0,162.0,92.0,2.0,7.0,8.0,250.0,90.0,0.0,6.0,4.0,320.0,90.0,0.0,8.0,14.0,230.0,93.0,3.0,5.0,10.0,320.0,2026-06-11T16:51:00+00:00,90.77694702148438,87.0970687866211,84.64408111572266,90.0,90.77694702148438
90.0,73.0,57.6,1006.8,0.0,-8.349999999999994,-0.0,-0.0,17.0,4.0,4.0,4.0,4500.0,0.0,0.0,0.0,61.4821180068559,28.5178819931441,0.47743301553563494,77.93939393939394,12.060606060606062,-0.40000000000009095,-1.6000000000000227,-1.6000000000000227,0.0,5.0,14.0,90.0,87.0,85.0,76.0,75.0,81.0,73.0,72.0,72.0,71.0,69.0,66.0,87.33333333333333,83.33333333333333,78.66666666666667,2.5166114784235987,1007.9000000000001,-0.2588190451025208,-0.9659258262890683,1.2246467991473532e-16,-1.0,13.0,6.0,162.0,94.0,4.0,6.0,12.0,250.0,93.0,3.0,7.0,5.0,310.0,91.0,1.0,6.0,16.0,230.0,92.0,2.0,4.0,5.0,230.0,2026-06-11T17:51:00+00:00,91.80577850341797,87.54074096679688,85.00794982910156,91.03999999999999,91.80577850341797
90.0,73.0,57.6,1006.7,4.0,-8.349999999999994,0.0,0.0,17.0,2.0,2.0,-2.0,5000.0,0.0,0.0,0.0,65.18853639259129,24.81146360740871,0.4196337000734646,77.47881355932203,12.521186440677965,-0.09999999999990905,-1.3999999999999773,-1.8999999999999773,0.0,3.0,11.0,90.0,90.0,87.0,79.0,75.0,81.0,73.0,73.0,72.0,71.0,70.0,67.0,89.0,85.66666666666667,79.04166666666667,1.7320508075689018,1007.3666666666667,-0.4999999999999997,-0.8660254037844388,1.2246467991473532e-16,-1.0,14.0,6.0,162.0,94.0,4.0,4.0,13.0,250.0,94.0,4.0,4.0,10.0,240.0,88.0,-2.0,2.0,13.0,220.0,94.0,4.0,5.0,11.0,280.0,2026-06-11T18:51:00+00:00,91.05049133300781,85.48038482666016,83.70669555664062,91.03999999999999,91.05049133300781
88.0,73.0,61.34,1006.6,5.0,-7.769999999999996,0.0,0.0,15.0,-2.0,2.0,0.0,5000.0,0.0,0.0,0.0,71.45297036314622,18.54702963685378,0.3180829543538371,77.2493927125506,10.750607287449398,-0.10000000000002274,-0.6000000000000227,-1.8999999999999773,-2.0,-2.0,5.0,90.0,90.0,90.0,83.0,74.0,80.0,73.0,73.0,73.0,72.0,70.0,68.0,90.0,87.5,79.41666666666667,0.0,1006.9000000000001,-0.7071067811865471,-0.7071067811865479,1.2246467991473532e-16,-1.0,15.0,6.0,162.0,96.0,8.0,4.0,14.0,270.0,94.0,6.0,4.0,10.0,260.0,90.0,2.0,0.0,14.0,240.0,95.0,7.0,2.0,14.0,240.0,2026-06-11T19:51:00+00:00,91.1092300415039,85.0228042602539,83.52360534667969,91.03999999999999,91.1092300415039
88.0,73.0,61.34,1006.6,5.0,-7.769999999999996,0.0,0.0,15.0,-2.0,2.0,0.0,5000.0,0.0,0.0,0.0,71.45297036314622,18.54702963685378,0.3180829543538371,77.2493927125506,10.750607287449398,-0.10000000000002274,-0.6000000000000227,-1.8999999999999773,-2.0,-2.0,5.0,90.0,90.0,90.0,83.0,74.0,80.0,73.0,73.0,73.0,72.0,70.0,68.0,90.0,87.5,79.41666666666667,0.0,1006.9000000000001,-0.7071067811865471,-0.7071067811865479,1.2246467991473532e-16,-1.0,15.0,6.0,162.0,96.0,8.0,4.0,14.0,270.0,94.0,6.0,4.0,10.0,260.0,90.0,2.0,0.0,14.0,240.0,95.0,7.0,2.0,14.0,240.0,2026-06-11T19:51:00+00:00,91.1092300415039,85.0228042602539,83.52360534667969,91.03999999999999,91.1092300415039
82.0,58.0,44.12,1012.1,0.0,0.04999999999999716,0.0,0.0,24.0,7.0,0.0,0.0,25000.0,0.0,0.88,0.0,60.82041400345741,29.179585996542592,0.48754861339920696,76.46376811594203,5.536231884057969,-0.5,-0.39999999999997726,1.1000000000000227,1.0,6.0,11.0,81.0,78.0,76.0,71.0,74.0,87.0,57.0,58.0,59.0,59.0,72.0,70.0,78.33333333333333,75.33333333333333,77.79166666666667,2.516611478423588,1012.6333333333333,1.2246467991473532e-16,-1.0,1.2246467991473532e-16,-1.0,12.0,6.0,164.0,85.0,3.0,4.0,6.0,310.0,83.0,1.0,6.0,3.0,350.0,82.0,0.0,3.0,11.0,210.0,83.0,1.0,6.0,8.0,300.0,2026-06-13T16:51:00+00:00,85.1001205444336,81.80451965332031,79.98480224609375,82.0,85.1001205444336
84.0,57.0,39.9,1011.6,3.0,0.7199999999999989,0.0,0.0,27.0,7.0,2.0,2.0,6500.0,0.0,0.88,0.0,61.48165717894618,28.51834282105382,0.47744008261675314,77.93939393939394,6.060606060606062,-0.5,-1.1999999999999318,-0.2999999999999545,2.0,6.0,12.0,82.0,81.0,78.0,72.0,74.0,88.0,58.0,57.0,58.0,59.0,68.0,70.0,80.33333333333333,77.16666666666667,77.58333333333333,2.081665999466142,1012.5,-0.2588190451025208,-0.9659258262890683,1.2246467991473532e-16,-1.0,13.0,6.0,164.0,87.0,3.0,4.0,9.0,290.0,84.0,0.0,4.0,8.0,260.0,83.0,-1.0,4.0,11.0,190.0,85.0,1.0,6.0,7.0,280.0,2026-06-13T17:51:00+00:00,85.80791473388672,83.20613861083984,78.86940002441406,84.02,85.80791473388672
83.0,59.0,44.27,1011.3,5.0,0.04999999999999716,0.0,0.0,24.0,0.0,0.0,0.0,25000.0,0.0,0.88,0.0,65.18807322545553,24.811926774544474,0.41964103766506083,77.47881355932203,5.521186440677965,-0.3000000000000682,-1.3000000000000682,-0.8000000000000682,-1.0,2.0,9.0,84.0,82.0,81.0,74.0,74.0,88.0,57.0,58.0,57.0,60.0,63.0,73.0,82.33333333333333,79.16666666666667,77.41666666666667,1.5275252316519636,1012.1,-0.4999999999999997,-0.8660254037844388,1.2246467991473532e-16,-1.0,14.0,6.0,164.0,87.0,4.0,4.0,5.0,240.0,86.0,3.0,6.0,14.0,300.0,83.0,0.0,2.0,11.0,200.0,87.0,4.0,5.0,12.0,270.0,2026-06-13T18:51:00+00:00,85.4227294921875,82.61417388916016,77.933837890625,84.02,85.4227294921875
84.0,56.0,38.49,1010.8,0.0,0.9399999999999977,-0.0,-0.0,28.0,4.0,2.0,2.0,7000.0,0.0,0.88,0.0,71.45252112350526,18.547478876494736,0.31809038783102395,77.2493927125506,6.750607287449398,-0.5,-1.3000000000000682,-1.7000000000000455,1.0,2.0,8.0,83.0,84.0,82.0,76.0,73.0,88.0,59.0,57.0,58.0,59.0,61.0,72.0,83.0,80.66666666666667,77.20833333333333,1.0000000000000284,1011.6666666666666,-0.7071067811865471,-0.7071067811865479,1.2246467991473532e-16,-1.0,15.0,6.0,164.0,88.0,4.0,3.0,8.0,320.0,86.0,2.0,3.0,10.0,300.0,84.0,0.0,2.0,13.0,210.0,87.0,3.0,4.0,10.0,280.0,2026-06-13T19:51:00+00:00,85.91685485839844,82.5319595336914,78.29248046875,84.02,85.91685485839844
84.0,59.0,42.87,1010.6,3.0,0.23999999999999488,0.0,0.0,25.0,-2.0,4.0,2.0,7500.0,0.0,0.88,0.0,79.64721054122612,10.352789458773884,0.17970864144460197,76.79681274900399,7.2031872509960095,-0.1999999999999318,-1.0,-2.199999999999932,0.0,0.0,6.0,84.0,83.0,84.0,78.0,71.0,89.0,56.0,59.0,57.0,58.0,62.0,70.0,83.66666666666667,82.0,77.04166666666667,0.5773502691896739,1011.2333333333332,-0.8660254037844385,-0.5000000000000004,1.2246467991473532e-16,-1.0,16.0,6.0,164.0,89.0,5.0,2.0,8.0,260.0,88.0,4.0,4.0,14.0,250.0,84.0,0.0,1.0,11.0,200.0,87.0,3.0,2.0,6.0,290.0,2026-06-13T20:51:00+00:00,86.13697052001953,81.23243713378906,78.16739654541016,84.02,86.13697052001953
83.0,59.0,44.27,1010.9,0.0,0.04999999999999716,0.0,0.0,24.0,0.0,4.0,4.0,8000.0,0.0,0.88,0.0,89.2020568404555,0.7979431595445021,0.013926285191274963,76.25396825396825,6.746031746031747,0.2999999999999545,-0.39999999999997726,-1.7000000000000455,-1.0,0.0,2.0,84.0,84.0,83.0,81.0,70.0,87.0,59.0,56.0,59.0,57.0,60.0,71.0,83.66666666666667,83.0,76.83333333333333,0.5773502691896739,1010.9,-0.9659258262890683,-0.25881904510252063,1.2246467991473532e-16,-1.0,17.0,6.0,164.0,89.0,6.0,2.0,11.0,260.0,85.0,2.0,-1.0,8.0,310.0,79.0,-4.0,-4.0,15.0,200.0,87.0,4.0,0.0,12.0,270.0,2026-06-13T21:51:00+00:00,85.60456085205078,79.99188995361328,75.81478881835938,84.02,85.60456085205078
85.0,54.0,34.66,1010.9,3.0,1.5400000000000063,0.0,0.0,31.0,3.0,0.0,-2.0,25000.0,0.0,0.88,0.0,99.66916561408637,0.0,0.0,75.25670498084291,9.743295019157088,0.0,0.10000000000002274,-1.2000000000000455,2.0,1.0,3.0,83.0,84.0,84.0,82.0,71.0,84.0,59.0,59.0,56.0,58.0,59.0,71.0,83.66666666666667,83.33333333333333,76.66666666666667,0.5773502691896278,1010.7666666666668,-1.0,-1.8369701987210297e-16,1.2246467991473532e-16,-1.0,18.0,6.0,164.0,88.0,3.0,0.0,12.0,290.0,85.0,0.0,-1.0,8.0,310.0,78.0,-7.0,-6.0,13.0,190.0,86.0,1.0,-1.0,8.0,310.0,2026-06-13T22:51:00+00:00,85.83882904052734,80.42302703857422,76.30599975585938,85.0,85.83882904052734
83.0,52.0,34.34,1010.9,5.0,1.3499999999999943,0.0,0.0,31.0,6.0,0.0,-4.0,25000.0,0.0,0.0,0.0,110.7047076140215,0.0,0.0,74.01098901098901,8.989010989010993,0.0,0.2999999999999545,-0.7000000000000455,-2.0,-1.0,-1.0,85.0,83.0,84.0,84.0,72.0,73.0,54.0,59.0,59.0,57.0,59.0,73.0,84.0,83.83333333333333,76.70833333333333,1.0000000000000018,1010.8000000000001,-0.9659258262890684,0.2588190451025203,1.2246467991473532e-16,-1.0,19.0,6.0,164.0,86.0,3.0,-3.0,8.0,320.0,83.0,0.0,-5.0,9.0,320.0,76.0,-7.0,-8.0,8.0,190.0,84.0,1.0,-3.0,6.0,320.0,2026-06-13T23:51:00+00:00,86.16109466552734,77.84506225585938,73.18070983886719,85.0,86.16109466552734
80.0,60.0,50.57,1011.5,0.0,-0.8599999999999994,-0.0,-0.0,20.0,4.0,0.0,0.0,25000.0,0.0,0.0,0.0,76.04546789987565,13.954532100124354,0.24115182720798725,71.4784140969163,8.521585903083704,-0.5,0.2999999999999545,0.39999999999997726,3.0,6.0,5.0,77.0,75.0,74.0,75.0,80.0,76.0,59.0,60.0,58.0,56.0,55.0,59.0,75.33333333333333,74.66666666666667,79.08333333333333,1.5275252316519499,1011.7333333333335,0.7071067811865476,-0.7071067811865475,1.2246467991473532e-16,-1.0,9.0,6.0,165.0,84.0,4.0,11.0,0.0,0.0,83.0,3.0,6.0,4.0,310.0,82.0,2.0,11.0,6.0,220.0,82.0,2.0,11.0,0.0,0.0,2026-06-14T13:51:00+00:00,90.10888671875,87.59073638916016,86.1507568359375,82.94,90.10888671875
81.0,60.0,48.95,1011.1,0.0,-0.6099999999999994,-0.0,-0.0,21.0,6.0,0.0,0.0,25000.0,0.0,0.0,0.0,68.57775077285127,21.422249227148725,0.36523830652558253,73.43362831858407,7.56637168141593,-0.39999999999997726,-0.8999999999999773,0.20000000000004547,1.0,6.0,7.0,80.0,77.0,75.0,74.0,78.0,78.0,60.0,59.0,60.0,56.0,55.0,58.0,77.33333333333333,75.5,79.25,2.516611478423588,1011.8333333333334,0.49999999999999994,-0.8660254037844387,1.2246467991473532e-16,-1.0,10.0,6.0,165.0,88.0,7.0,14.0,5.0,250.0,85.0,4.0,7.0,7.0,290.0,83.0,2.0,7.0,9.0,220.0,86.0,5.0,11.0,0.0,0.0,2026-06-14T14:51:00+00:00,90.24867248535156,88.76246643066406,86.77655029296875,82.94,90.24867248535156
84.0,61.0,46.04,1010.8,4.0,-0.3299999999999983,0.0,0.0,23.0,5.0,0.0,0.0,25000.0,0.0,0.0,0.0,63.302450272331264,26.697549727668736,0.4492807928919563,75.83644859813084,8.163551401869157,-0.3000000000000682,-1.2000000000000455,0.0,3.0,7.0,11.0,81.0,80.0,77.0,73.0,78.0,81.0,60.0,60.0,59.0,56.0,55.0,57.0,79.33333333333333,76.66666666666667,79.375,2.081665999466142,1011.5333333333333,0.258819045102521,-0.9659258262890682,1.2246467991473532e-16,-1.0,11.0,6.0,165.0,88.0,4.0,9.0,8.0,210.0,87.0,3.0,6.0,9.0,220.0,83.0,-1.0,4.0,8.0,190.0,88.0,4.0,9.0,8.0,230.0,2026-06-14T15:51:00+00:00,88.66748809814453,86.42417907714844,83.51685333251953,84.0,88.66748809814453
85.0,58.0,40.06,1010.1,4.0,0.6599999999999966,0.0,0.0,27.0,7.0,0.0,0.0,25000.0,0.0,0.0,0.0,60.82019611152151,29.17980388847849,0.48755193371953215,76.46376811594203,8.536231884057969,-0.6999999999999318,-1.3999999999999773,-1.1000000000000227,1.0,5.0,11.0,84.0,81.0,80.0,74.0,77.0,82.0,61.0,60.0,60.0,58.0,55.0,58.0,81.66666666666667,78.5,79.5,2.081665999466142,1011.1333333333332,1.2246467991473532e-16,-1.0,1.2246467991473532e-16,-1.0,12.0,6.0,165.0,90.0,5.0,6.0,11.0,180.0,88.0,3.0,5.0,8.0,230.0,84.0,-1.0,2.0,9.0,170.0,88.0,3.0,6.0,14.0,190.0,2026-06-14T16:51:00+00:00,86.820556640625,83.22200012207031,80.06731414794922,85.0,86.820556640625
86.0,63.0,46.34,1009.3,0.0,-0.9000000000000057,0.0,0.0,23.0,2.0,0.0,0.0,25000.0,0.0,0.0,0.0,61.48142675665384,28.51857324334616,0.47744361627359017,77.93939393939394,8.060606060606062,-0.8000000000000682,-1.8000000000000682,-2.7000000000000455,1.0,5.0,11.0,85.0,84.0,81.0,75.0,77.0,84.0,58.0,61.0,60.0,60.0,55.0,57.0,83.33333333333333,80.33333333333333,79.625,2.081665999466142,1010.6666666666666,-0.2588190451025208,-0.9659258262890683,1.2246467991473532e-16,-1.0,13.0,6.0,165.0,92.0,6.0,4.0,11.0,210.0,89.0,3.0,4.0,13.0,160.0,83.0,-3.0,0.0,9.0,170.0,90.0,4.0,4.0,13.0,220.0,2026-06-14T17:51:00+00:00,87.63642120361328,83.10980224609375,80.00016784667969,87.08000000000001,87.63642120361328
85.0,64.0,49.55,1008.3,4.0,-1.3499999999999943,-2.571150438746158,3.0641777724759116,21.0,-2.0,0.0,0.0,25000.0,0.0,0.0,0.0,65.18784163473259,24.812158365267408,0.4196447065639271,77.47881355932203,7.521186440677965,-1.0,-2.5,-3.7000000000000455,-1.0,1.0,8.0,86.0,85.0,84.0,77.0,76.0,83.0,63.0,58.0,61.0,59.0,55.0,59.0,85.0,82.16666666666667,79.70833333333333,1.000000000000023,1010.0666666666666,-0.4999999999999997,-0.8660254037844388,1.2246467991473532e-16,-1.0,14.0,6.0,165.0,92.0,7.0,4.0,17.0,200.0,87.0,2.0,0.0,13.0,180.0,82.0,-3.0,-1.0,17.0,180.0,89.0,4.0,1.0,11.0,200.0,2026-06-14T18:51:00+00:00,87.7878646850586,80.4413070678711,79.02626037597656,87.08000000000001,87.7878646850586
84.0,67.0,56.78,1007.2,0.0,-2.6899999999999977,0.0,0.0,17.0,-10.0,0.0,0.0,25000.0,0.0,0.0,0.0,71.45229649810787,18.54770350189213,0.31809410465456417,77.2493927125506,6.750607287449398,-1.099999999999909,-2.8999999999999773,-4.2999999999999545,-1.0,-1.0,4.0,85.0,86.0,85.0,80.0,75.0,84.0,64.0,63.0,58.0,60.0,56.0,56.0,85.33333333333333,83.5,79.79166666666667,0.5773502691896647,1009.2333333333332,-0.7071067811865471,-0.7071067811865479,1.2246467991473532e-16,-1.0,15.0,6.0,165.0,90.0,6.0,0.0,10.0,190.0,86.0,2.0,-2.0,13.0,160.0,81.0,-3.0,-3.0,20.0,190.0,90.0,6.0,2.0,12.0,170.0,2026-06-14T19:51:00+00:00,87.90998077392578,81.2646484375,77.94928741455078,87.08000000000001,87.90998077392578
83.0,65.0,54.71,1006.2,7.0,-1.7900000000000063,-4.499513267805776,5.362311101832845,18.0,-5.0,0.0,0.0,25000.0,0.0,0.0,0.0,79.64699654269461,10.353003457305391,0.17971231561641546,76.79681274900399,6.2031872509960095,-1.0,-3.099999999999909,-4.899999999999977,-1.0,-3.0,2.0,84.0,85.0,86.0,81.0,74.0,84.0,67.0,64.0,63.0,60.0,56.0,59.0,85.0,84.16666666666667,79.79166666666667,1.000000000000023,1008.2666666666668,-0.8660254037844385,-0.5000000000000004,1.2246467991473532e-16,-1.0,16.0,6.0,165.0,90.0,7.0,-2.0,13.0,170.0,85.0,2.0,-4.0,14.0,170.0,78.0,-5.0,-5.0,23.0,190.0,87.0,4.0,-3.0,9.0,190.0,2026-06-14T20:51:00+00:00,88.22516632080078,78.91321563720703,75.45525360107422,87.08000000000001,88.22516632080078
82.0,65.0,56.51,1005.5,0.0,-1.8100000000000023,0.0,0.0,17.0,-4.0,0.0,0.0,25000.0,0.0,0.0,0.0,89.201853773459,0.7981462265409931,0.013929829035179314,76.25396825396825,5.746031746031747,-0.7000000000000455,-2.7999999999999545,-5.2999999999999545,-1.0,-3.0,-2.0,83.0,84.0,85.0,84.0,73.0,83.0,65.0,67.0,64.0,61.0,56.0,59.0,84.0,84.5,79.75,1.000000000000023,1007.2333333333332,-0.9659258262890683,-0.25881904510252063,1.2246467991473532e-16,-1.0,17.0,6.0,165.0,90.0,8.0,-2.0,12.0,190.0,85.0,3.0,-2.0,18.0,180.0,78.0,-4.0,-4.0,25.0,190.0,89.0,7.0,0.0,10.0,170.0,2026-06-14T21:51:00+00:00,87.42924499511719,78.2263412475586,74.2634506225586,87.08000000000001,87.42924499511719
80.0,63.0,56.23,1005.0,4.0,-1.4200000000000017,0.0,0.0,17.0,0.0,0.0,0.0,25000.0,0.0,0.0,0.0,99.66897179488542,0.0,0.0,75.25670498084291,4.743295019157088,-0.5,-2.2000000000000455,-5.100000000000023,-2.0,-4.0,-5.0,82.0,83.0,84.0,85.0,74.0,85.0,65.0,65.0,67.0,58.0,58.0,54.0,83.0,84.16666666666667,79.70833333333333,1.000000000000023,1006.3000000000001,-1.0,-1.8369701987210297e-16,1.2246467991473532e-16,-1.0,18.0,6.0,165.0,86.0,6.0,-4.0,14.0,180.0,83.0,3.0,-3.0,16.0,170.0,75.0,-5.0,-6.0,20.0,180.0,85.0,5.0,-5.0,14.0,170.0,2026-06-14T22:51:00+00:00,87.13116455078125,77.42291259765625,73.71190643310547,87.08000000000001,87.13116455078125
79.0,62.0,56.09,1005.1,0.0,0.0,0.0,0.0,17.0,-1.0,2.0,2.0,12000.0,0.0,0.0,0.0,110.70452011831593,0.0,0.0,74.01098901098901,4.989010989010993,0.10000000000002274,-1.1000000000000227,-4.199999999999932,-1.0,-4.0,-7.0,80.0,82.0,83.0,86.0,75.0,83.0,63.0,65.0,65.0,63.0,60.0,52.0,81.66666666666667,83.33333333333333,79.5,1.5275252316519636,1005.5666666666666,-0.9659258262890684,0.2588190451025203,1.2246467991473532e-16,-1.0,19.0,6.0,165.0,83.0,4.0,-7.0,10.0,180.0,81.0,2.0,-4.0,14.0,180.0,72.0,-7.0,-6.0,22.0,180.0,82.0,3.0,-5.0,13.0,170.0,2026-06-14T23:51:00+00:00,87.20977783203125,77.1148910522461,71.84485626220703,87.08000000000001,87.20977783203125
71.0,41.0,33.7,1011.4,4.0,0.0,0.0,0.0,30.0,13.0,0.0,0.0,25000.0,0.0,0.0,0.0,63.30205988557739,26.697940114422607,0.4492868800289636,75.83644859813084,-4.836448598130843,-0.5,-1.0,-0.7000000000000455,2.0,7.0,13.0,69.0,67.0,64.0,58.0,63.0,72.0,41.0,48.0,47.0,48.0,46.0,50.0,66.66666666666667,62.666666666666664,66.25,2.5166114784235867,1012.1333333333333,0.258819045102521,-0.9659258262890682,1.2246467991473532e-16,-1.0,11.0,6.0,167.0,73.0,2.0,6.0,7.0,320.0,71.0,0.0,5.0,7.0,300.0,72.0,1.0,6.0,14.0,210.0,72.0,1.0,6.0,7.0,280.0,2026-06-16T15:51:00+00:00,75.59297180175781,71.55221557617188,71.74735260009766,71.0,75.59297180175781
71.0,41.0,33.7,1011.4,4.0,0.0,0.0,0.0,30.0,13.0,0.0,0.0,25000.0,0.0,0.0,0.0,63.30205988557739,26.697940114422607,0.4492868800289636,75.83644859813084,-4.836448598130843,-0.5,-1.0,-0.7000000000000455,2.0,7.0,13.0,69.0,67.0,64.0,58.0,63.0,72.0,41.0,48.0,47.0,48.0,46.0,50.0,66.66666666666667,62.666666666666664,66.25,2.5166114784235867,1012.1333333333332,0.258819045102521,-0.9659258262890682,1.2246467991473532e-16,-1.0,11.0,6.0,167.0,73.0,2.0,6.0,7.0,320.0,71.0,0.0,5.0,7.0,300.0,72.0,1.0,6.0,14.0,210.0,72.0,1.0,6.0,7.0,280.0,2026-06-16T15:51:00+00:00,75.59297180175781,71.55221557617188,71.74735260009766,74.0,75.59297180175781
75.0,44.0,33.06,1009.5,4.0,0.0,3.464101615137754,2.0000000000000018,31.0,1.0,0.0,0.0,25000.0,0.0,0.0,0.0,71.4518472357412,18.548152764258802,0.3181015384784536,77.2493927125506,-2.249392712550602,-0.39999999999997726,-1.3999999999999773,-2.6000000000000227,0.0,1.0,8.0,75.0,74.0,74.0,67.0,60.0,73.0,45.0,44.0,44.0,48.0,48.0,48.0,74.33333333333333,71.66666666666667,66.5,0.5773502691896278,1010.4,-0.7071067811865471,-0.7071067811865479,1.2246467991473532e-16,-1.0,15.0,6.0,167.0,79.0,4.0,4.0,10.0,250.0,77.0,2.0,4.0,11.0,260.0,73.0,-2.0,2.0,17.0,190.0,77.0,2.0,3.0,8.0,260.0,2026-06-16T19:51:00+00:00,76.16114807128906,71.68941497802734,69.1631851196289,75.02,76.16114807128906
73.04,71.96,96.42062016554186,1004.1,5.0,0.0,4.92403876506104,0.8682408883346516,1.0800000000000125,0.18000000000002103,2.0,0.0,25000.0,0.0,1.63,0.0,113.52615201717471,0.0,0.0,74.37844311377246,-1.3384431137724562,0.7000000000000455,0.20000000000004547,-1.5,-0.8999999999999915,-0.8999999999999915,0.0,73.94,73.94,73.94,73.04,69.98,73.94,73.04,73.04,73.04,71.96,69.98,66.02,73.94,73.64,73.43,0.0,1003.5999999999999,0.49999999999999994,0.8660254037844387,-0.4999999999999997,-0.8660254037844388,2.0,7.0,200.0,75.92,2.8799999999999955,0.0,9.0,240.0,78.08,5.039999999999992,1.0799999999999983,13.0,260.0,75.92,2.8799999999999955,-1.0799999999999983,11.0,250.0,75.92,2.8799999999999955,-3.0600000000000023,5.0,260.0,75.02,1.9799999999999898,-1.980000000000004,14.0,250.0,75.02,1.9799999999999898,-0.9000000000000057,4.0,270.0,77.0,3.9599999999999937,-1.980000000000004,4.0,210.0,71.96,-1.0800000000000125,0.0,15.0,230.0,2026-07-19T06:51:00+00:00,84.23474884033203,72.19835662841797,75.40632629394531,73.94,84.23474884033203
