season,local_hour,n,mean,std,q0010,q0025,q0050,q0100,q0150,q0200,q0250,q0300,q0400,q0500,q0600,q0700,q0750,q0800,q0850,q0900,q0950,q0975,q0990
ALL,-1,32562,-0.042786520080538265,2.837259752006836,-7.529252471923828,-5.909425926208496,-4.568406867980957,-3.1294433593749997,-2.3683616638183596,-1.8568069458007812,-1.462672233581543,-1.1273685455322267,-0.601642608642578,-0.14336204528808594,0.31625671386718734,0.870166015625,1.2178936004638672,1.6970634155273403,2.2988943099975585,3.2277126312255864,4.786797332763669,6.371140098571772,8.501261711120604
ALL,0,1538,0.2136526124158048,4.390438872621148,-9.563197898864745,-8.18132266998291,-7.092429161071777,-5.325163269042968,-4.2542627334594725,-3.290285491943359,-2.649184226989746,-2.0681598663330085,-0.9079574584960936,0.172088623046875,1.4249114990234368,2.2917663574218743,2.8359756469726562,3.591578674316409,4.471332931518555,5.683892059326171,7.48576927185058,9.64852533340454,11.448183059692363
ALL,1,1553,0.16598393250494256,4.187264499641488,-9.417452697753907,-8.329020690917968,-6.55159912109375,-5.227929687499999,-4.053558349609375,-3.2518844604492183,-2.519329071044922,-1.8948532104492188,-0.8989990234374999,0.07907867431640625,1.2813705444335934,2.234382629394531,2.764129638671875,3.478799438476563,4.178544616699219,5.1687164306640625,7.085514831542967,8.94587020874024,11.188804931640627
ALL,2,1552,0.2045745166306643,4.100702831295612,-9.104519348144532,-7.792916488647461,-6.62226448059082,-5.076837921142578,-3.919967842102051,-3.0503463745117174,-2.3330373764038086,-1.7242958068847656,-0.8453262329101562,0.015309333801269531,1.1934661865234368,2.2592147827148437,2.8891286849975586,3.522765350341798,4.125115585327147,5.138283920288086,7.01786193847656,8.615154361724853,10.595937271118165
ALL,3,1548,0.3228465166017991,3.9983007852550534,-8.846518630981445,-7.753330039978027,-6.224176597595214,-4.773719024658202,-3.732486343383789,-2.8628723144531247,-2.2007484436035156,-1.6193782806396486,-0.6585998535156248,0.37769508361816406,1.2917861938476558,2.3143966674804672,2.831411361694336,3.3597160339355483,4.064990997314453,5.16510238647461,6.941586685180663,8.435504817962649,10.929739189147949
ALL,4,1531,0.20086806568267843,3.811191209238161,-8.150242614746094,-7.241759300231934,-6.0953369140625,-4.616100311279297,-3.697113037109375,-2.8832473754882812,-2.2444496154785156,-1.7312545776367188,-0.7427978515625,0.13183975219726562,1.0282440185546875,2.0729904174804688,2.5965099334716797,3.2277565002441406,3.871776580810547,5.1652069091796875,6.451087951660156,7.875729560852051,9.921077728271486
ALL,5,1523,0.12971328845559496,3.677109204396888,-8.06798713684082,-7.176541519165039,-5.952398681640625,-4.741926574707031,-3.6487346649169923,-2.741258239746093,-2.1582870483398438,-1.6914520263671877,-0.7388626098632811,0.14524078369140625,1.0538589477539062,1.9220809936523433,2.4533491134643555,3.065311431884768,3.7102874755859387,4.676217651367187,6.092218017578125,7.61511917114258,9.08525451660156
ALL,6,1412,0.08992356905518442,3.6270409180240333,-7.802200164794922,-6.8055065155029295,-5.867076683044433,-4.558254432678223,-3.399176025390625,-2.7431365966796877,-2.223761558532715,-1.7844230651855468,-0.8481895446777343,0.04413795471191406,0.8159027099609375,1.8705047607421865,2.304560661315918,2.8000961303710934,3.634952545166015,4.511488723754889,6.039803123474125,8.073648738861083,9.7422571182251
ALL,7,1360,-0.11435526988085577,3.4118657674502884,-7.373986511230469,-6.702716732025147,-5.58258056640625,-4.380278778076172,-3.5460987091064453,-2.7815238952636716,-2.276778221130371,-1.824942398071289,-0.9763671875,-0.23114776611328125,0.5409393310546874,1.4253955841064452,1.9470367431640625,2.5844543457031253,3.238257408142085,4.159729766845705,5.613561534881588,7.010687828063954,9.029899940490742
ALL,8,1208,-0.5900135968063052,3.1527525823800664,-7.993433532714843,-6.53238468170166,-5.573571968078613,-4.335591125488281,-3.6877864837646483,-3.1003646850585938,-2.6189613342285156,-2.222428131103516,-1.4220069885253905,-0.7232093811035156,0.10231399536132746,0.778900146484375,1.2304475402832047,1.715574645996094,2.2863243103027346,3.3289276123046867,4.88036193847655,6.189632415771484,8.035470924377465
ALL,9,1113,-0.45875966766988063,2.8522696449815177,-6.573623275756836,-5.951992034912109,-4.766127014160157,-3.9334014892578124,-3.295231628417969,-2.7190879821777343,-2.322681427001953,-2.021310424804688,-1.2148284912109373,-0.572357177734375,0.020027160644531132,0.7590568542480468,1.2343101501464844,1.730686950683594,2.3620925903320305,3.117205047607425,4.594332885742178,6.2834156036377,7.396404113769506
ALL,10,1029,-0.3343509413827612,2.5684543004722777,-5.935972290039063,-4.803134155273438,-4.078469085693359,-3.2384750366210935,-2.715696716308594,-2.2683433532714843,-1.9518508911132812,-1.6631195068359377,-1.0751754760742187,-0.4870109558105469,0.027374267578124882,0.67733154296875,1.0514297485351562,1.4612884521484384,1.9974945068359375,2.7340972900390654,4.101644897460936,5.589043807983387,7.182998657226565
ALL,11,1037,-0.20962396575721728,2.2397214166761246,-5.2245361328125,-4.313949203491211,-3.7628273010253905,-2.751656341552734,-2.29930419921875,-1.8802360534667968,-1.5905990600585938,-1.3660552978515625,-0.8141632080078125,-0.340667724609375,0.14115753173828136,0.7461654663085924,1.0122642517089844,1.5136795043945317,2.0435379028320315,2.53055419921875,3.602825164794917,4.547114944458012,6.096634521484391
ALL,12,1053,-0.13007614440048523,1.9115438479886926,-4.569855346679687,-3.707990837097168,-3.1535003662109373,-2.2856903076171875,-1.8563674926757814,-1.5415939331054687,-1.2458343505859375,-1.0037155151367188,-0.5733749389648437,-0.19334030151367188,0.23473129272460935,0.7426265716552733,0.9939231872558594,1.2439064025878905,1.6147255859374994,2.071778869628907,2.7708236694335935,3.8539123535156277,4.435201721191407
ALL,13,1104,-0.11316090341927348,1.6516424951485946,-4.295340061187744,-3.158176612854004,-2.647853660583496,-1.958510971069335,-1.5348573684692384,-1.2937911987304687,-1.0404243469238281,-0.8491016387939454,-0.4600952148437499,-0.15037918090820312,0.18581695556640615,0.5179435729980465,0.7166595458984375,1.0065826416015629,1.3238639831542967,1.747293472290039,2.3640472412109355,3.2819119453430172,4.749304924011231
ALL,14,1190,-0.13050849484996632,1.5065212392753329,-3.9108629989624024,-3.004160118103027,-2.4987909317016603,-1.8703926086425782,-1.4845758438110352,-1.1686508178710937,-0.9011936187744141,-0.7183605194091797,-0.38513183593749983,-0.12136077880859375,0.15716552734374994,0.4517024993896484,0.660466194152832,0.8629699707031253,1.1208724975585938,1.4164184570312501,2.0409046173095695,2.782655715942377,4.27630081176757
ALL,15,1252,-0.14509347135647416,1.4091442555758362,-3.680379295349121,-2.741676902770996,-2.2874298095703125,-1.7346529006958007,-1.441398811340332,-1.1551544189453125,-0.9291315078735352,-0.7784629821777344,-0.43780059814453126,-0.15462493896484375,0.10664978027343754,0.41756706237792945,0.5664558410644531,0.7768074035644533,0.996769332885742,1.3260917663574225,1.970527076721192,2.7714116573333736,4.308426876068116
ALL,16,1360,-0.20118387917911304,1.4012872739891444,-3.7357725524902343,-2.8756863594055178,-2.3930755615234376,-1.8208770751953125,-1.4372362136840822,-1.1444519042968748,-0.9411125183105469,-0.7786174774169922,-0.464434814453125,-0.19700241088867188,0.076116943359375,0.3146965026855466,0.49805259704589844,0.6836341857910158,0.935901069641113,1.2810031890869187,1.9503990173339822,2.631851196289056,4.075359992980957
ALL,17,1383,-0.12403639853388522,1.418621876478093,-3.6352985382080076,-2.78836669921875,-2.3707365036010737,-1.7345321655273438,-1.4257827758789063,-1.1263748168945311,-0.8989601135253906,-0.7186080932617188,-0.39730758666992183,-0.1336517333984375,0.11324005126953124,0.4379806518554687,0.6169853210449219,0.8149627685546881,1.0244651794433606,1.3594802856445312,2.1119277954101547,2.9133344650268556,4.259086837768557
ALL,18,1439,-0.08945781805848312,1.4181779608047467,-3.3796251678466795,-2.731932830810547,-2.2684604644775392,-1.6460617065429688,-1.3219869613647461,-1.1022705078125,-0.8866977691650391,-0.7215835571289063,-0.4096038818359375,-0.11332321166992188,0.15494689941406214,0.435217285156249,0.6240634918212891,0.8364303588867188,1.0401893615722657,1.4682891845703125,2.2292068481445275,2.972571182250969,4.265466003417966
ALL,19,1452,-0.0655822750228167,1.4655854614505095,-3.5174312591552734,-2.7744531631469727,-2.1685413360595702,-1.738189697265625,-1.36568603515625,-1.0847785949707032,-0.8609046936035156,-0.7144279479980469,-0.40531463623046876,-0.1604156494140625,0.16057052612304695,0.4788475036621092,0.6630258560180664,0.8504364013671875,1.131296920776367,1.5160800933837895,2.1284768104553224,3.1321907997131335,4.583229040527345
ALL,20,1433,-0.03559717421920999,1.6241297819035363,-3.4115679931640623,-2.9220657348632812,-2.3767745971679686,-1.7938446044921874,-1.437799072265625,-1.1781555175781249,-0.9693107604980469,-0.7517341613769531,-0.43262939453125,-0.116455078125,0.21019973754882812,0.5246734619140625,0.6893386840820312,0.9025726318359376,1.2069076538085939,1.6869064331054684,2.532548522949218,3.413054656982422,5.092706146240242
ALL,21,1480,-0.03765145332748824,1.7050109637841928,-3.551642532348633,-3.0070145606994627,-2.64892635345459,-1.953953170776367,-1.5594650268554688,-1.25784912109375,-1.0466327667236328,-0.8531524658203125,-0.4751739501953124,-0.1330585479736328,0.23249588012695313,0.5783321380615231,0.8062295913696289,1.096704864501953,1.390024185180662,1.9023292541503911,2.6298316955566405,3.5536225318908663,5.28812980651857
ALL,22,1515,-0.0513227039500825,1.8372675695206089,-3.898031768798828,-3.2832998275756835,-2.6642921447753904,-2.120189666748047,-1.7400299072265626,-1.43095703125,-1.1766395568847656,-0.9573074340820312,-0.5144180297851562,-0.1348114013671875,0.2356750488281248,0.6454826354980469,0.8753767395019523,1.115665817260742,1.517152404785156,2.0272010803222678,2.92968292236328,4.018913650512689,5.062792358398427
ALL,23,1497,-0.02415578736411624,2.0332070551347114,-4.139628295898437,-3.4364471435546875,-2.8647716522216795,-2.3424362182617187,-1.8858695983886717,-1.5525970458984375,-1.3033027648925781,-1.0570899963378906,-0.5575119018554688,-0.19736099243164062,0.222979736328125,0.7067535400390625,1.0288848876953125,1.3331207275390624,1.7732437133789059,2.4707717895507817,3.4213851928710954,4.2317092895507775,5.860422058105469
DJF,0,386,-0.2779155545407626,4.205044858182539,-8.67112045288086,-7.533017940521241,-6.329704284667969,-5.300193786621094,-4.6086745262146,-3.9888687133789062,-3.1330041885375977,-2.5913162231445312,-1.6937141418457031,-0.7791805267333984,0.5743675231933594,1.8283863067626953,2.5319290161132812,3.1723709106445312,3.7835636138916016,4.795041084289551,6.875605583190918,9.640390396118164,10.93422050476073
DJF,1,383,-0.22313495486585655,4.064490780045701,-8.965226821899414,-7.145779037475586,-6.267735816955566,-5.208023834228515,-4.237762451171875,-3.7304206848144528,-3.0336666107177734,-2.4908454895019534,-1.5405258178710937,-0.6102981567382812,0.402142333984375,1.8005905151367179,2.46905517578125,3.1712814331054693,3.9323717117309562,4.742366027832031,6.469718170166015,8.854242420196531,11.185573501586923
DJF,2,379,0.0030612291320961825,3.960821201275086,-7.8379371124267605,-7.281063652038574,-5.911142349243164,-5.008979797363281,-3.9447933197021485,-3.349925231933594,-2.769502639770508,-2.0899780273437503,-1.1073913574218743,-0.4373512268066406,0.8196891784667952,1.6638381958007813,2.4244003295898438,3.3276824951171893,3.941857719421387,4.848663330078125,7.1546325683593555,8.705778884887696,10.30356246948241
DJF,3,383,-0.0305784142795493,3.721576630417973,-7.787544708251953,-6.982045555114746,-5.904232025146484,-4.54180564880371,-3.753607177734375,-3.071788787841797,-2.462535858154297,-2.0379875183105467,-1.1333778381347652,-0.3077373504638672,0.7483451843261718,1.8102439880371086,2.2005109786987305,2.7601558685302736,3.328618240356445,4.961849212646484,6.558049774169916,8.250562763214107,10.392708206176762
DJF,4,376,-0.19350790997768974,3.717721777227166,-7.377344131469727,-6.640654563903809,-5.933889389038086,-4.725664138793945,-4.031312942504883,-3.2186317443847656,-2.5551843643188477,-2.155949592590332,-1.4211959838867188,-0.48799705505371094,0.3804359436035156,1.5493106842041016,1.961709976196289,2.7366981506347656,3.42514705657959,4.71272087097168,6.325738906860352,7.976156234741211,9.302141189575195
DJF,5,381,-0.03763809604594716,3.495831935715873,-6.8994873046875,-6.06080436706543,-5.490242004394531,-4.426225662231445,-3.9030303955078125,-2.91058349609375,-2.2758140563964844,-1.8633346557617188,-1.0262908935546875,-0.14892578125,0.6804237365722656,1.5195579528808594,1.9848670959472656,2.8121185302734375,3.4683609008789062,4.198551177978516,5.6463165283203125,7.244495391845703,11.057814788818357
DJF,6,367,-0.08394889675628915,3.555932620991426,-7.419344787597656,-6.244950866699218,-5.685530090332032,-4.5338287353515625,-3.4712604522705077,-2.7931739807128904,-2.246479034423828,-1.8387153625488282,-1.2051681518554687,-0.37741851806640625,0.5206039428710937,1.25005874633789,1.8572216033935547,2.6944335937500026,3.4293552398681633,4.339774322509766,6.36634521484375,7.985963630676249,9.995502471923826
DJF,7,348,-0.04301006514450599,3.354600606621674,-6.830779190063477,-6.4182733535766605,-5.060461521148682,-4.136442375183106,-3.2079387664794923,-2.5635513305664057,-2.0423412322998047,-1.7515443801879884,-1.0109977722167962,-0.2708854675292969,0.3619956970214842,1.3027568817138666,1.6059565544128418,2.334820556640625,3.071458053588867,4.189353561401367,6.063812721252427,7.48678741455078,10.317181968688965
DJF,8,342,-0.20203077327438268,3.1347302813068105,-6.453716125488281,-5.688040828704834,-4.666230583190918,-3.9218284606933596,-3.3700347900390626,-2.679388427734375,-2.226503372192383,-1.834865188598633,-1.1502250671386718,-0.3766288757324219,0.31765785217285136,1.0601737365722634,1.418095588684082,1.8061859130859375,2.5288575172424306,3.7156852722168012,5.527655601501465,7.171387004852288,8.87810104370117
DJF,9,323,-0.11605489984754438,2.759937563828512,-5.404364051818848,-4.679823112487793,-4.214387893676758,-3.4416542053222656,-2.857808303833008,-2.333766174316406,-1.9702739715576172,-1.5723045349121096,-0.8556335449218747,-0.39669036865234375,0.24400024414062457,1.0952941894531245,1.4562397003173828,1.8853828430175783,2.4830524444580075,3.322444915771485,4.884968185424802,6.528496742248535,7.799514770507806
DJF,10,298,-0.25553218815950746,2.535518347560131,-4.751787490844727,-4.081229734420776,-3.605236625671387,-2.940212440490723,-2.4394203186035157,-2.1672115325927734,-1.864283561706543,-1.5819019317626954,-1.0556137084960935,-0.5685195922851562,-0.046868133544921885,0.5392826080322264,0.9755544662475586,1.4155616760253908,1.8512908935546861,2.4420444488525392,4.529718208312984,6.056737804412836,7.910085487365698
DJF,11,299,-0.23963760478042045,2.340646139559035,-4.443185615539551,-4.112453269958496,-3.6106313705444335,-2.899365234375,-2.3160572052001953,-1.8397216796875,-1.6141681671142578,-1.4320152282714844,-0.9073410034179688,-0.5509414672851562,-0.10775222778320434,0.4875228576660161,0.8878195190429672,1.3750244140625,1.9031333923339842,2.677469253540039,4.154697418212889,5.665974426269533,6.606273880004883
DJF,12,305,-0.2101761554655482,2.165365596973168,-4.61831787109375,-3.9739761352539062,-3.33265380859375,-2.5548091888427735,-1.9955596923828125,-1.7558082580566405,-1.3501853942871094,-1.1345367431640625,-0.7980194091796873,-0.3345794677734375,0.06918411254882814,0.5601394653320305,0.7514457702636719,1.070243835449219,1.5656997680664062,2.166186523437501,3.18465385437012,4.307804107666015,6.488393554687479
DJF,13,314,-0.08203870955546193,1.9073659329054709,-4.367466640472412,-3.156549644470215,-2.8015325546264647,-2.2084144592285155,-1.624258613586426,-1.3780624389648437,-1.0866947174072266,-0.873891830444336,-0.5652900695800781,-0.1959514617919922,0.15543746948242182,0.46613883972167963,0.6657209396362305,0.9178802490234376,1.4055381774902347,1.9538215637207024,2.8925175666809015,4.751380729675293,6.17168167114258
DJF,14,335,-0.04652524236422866,1.8509409622962716,-4.433871459960938,-3.199237251281738,-2.5500635147094726,-1.8832374572753907,-1.605149269104004,-1.294291687011719,-1.0705270767211914,-0.8320388793945312,-0.4967521667480469,-0.09893035888671875,0.14674377441406258,0.5606880187988281,0.7712135314941406,1.0104431152343747,1.2274356842041012,1.6807991027832048,2.8082134246826196,4.3777598381042475,6.0981014251709125
DJF,15,343,-0.03970996445191499,1.705830710720809,-3.8565655517578126,-3.049488639831543,-2.351497268676758,-1.8385040283203125,-1.5541664123535157,-1.213219451904297,-0.9394378662109375,-0.8376602172851563,-0.465876007080078,-0.18544769287109375,0.17764663696289051,0.4514762878417966,0.6095294952392578,0.8521224975585943,1.2172882080078125,1.6211387634277348,3.1949645996093725,4.307480907440185,5.569725112915036
DJF,16,361,-0.0951888015197585,1.7580858541698934,-4.1704345703125,-3.267223358154297,-2.551319122314453,-2.079486846923828,-1.6254425048828125,-1.3465709686279297,-1.01251220703125,-0.7381973266601562,-0.4224567413330078,-0.10634231567382812,0.15285491943359375,0.45436859130859336,0.6604156494140625,0.8481216430664062,1.084564208984375,1.6034584045410156,2.5956649780273438,4.074676513671875,5.90401535034178
DJF,17,357,-0.06255499276126468,1.6624438567619964,-3.7717349243164064,-3.1656227111816406,-2.5362335205078126,-1.8406349182128905,-1.5518753051757812,-1.2743507385253905,-0.99298095703125,-0.7386772155761718,-0.43523178100585935,-0.11860275268554688,0.15285720825195312,0.4661006927490233,0.5973663330078125,0.9066123962402344,1.0867515563964836,1.5805564880371115,2.9322029113769523,4.171466064453122,5.633329772949218
DJF,18,370,0.0435062212557406,1.6392723634823765,-3.5096598052978516,-3.05304012298584,-2.4325008392333984,-1.871295166015625,-1.350136947631836,-1.1180892944335938,-0.8346238136291504,-0.6747058868408203,-0.2727691650390625,-0.05220985412597656,0.22308425903320314,0.5035209655761721,0.7233486175537109,0.9208740234374999,1.270943260192871,1.9445125579833997,2.9124526977539076,4.078778648376463,5.011389141082765
DJF,19,367,0.0908735829283171,1.7812675728859266,-3.841045825195312,-3.338498783111572,-2.4155635833740234,-1.73193359375,-1.375906753540039,-1.115792465209961,-0.8378162384033203,-0.6942131042480468,-0.35034790039062497,-0.07181930541992188,0.31509552001953123,0.6353385925292965,0.8591022491455078,1.1500305175781254,1.43515338897705,1.916851806640625,2.7377841949462884,3.954506683349592,5.2946802139282205
DJF,20,365,0.13156539687065227,1.9015978260653819,-3.5599974822998046,-3.033823776245117,-2.2884422302246095,-1.6077560424804689,-1.313360595703125,-1.0852821350097657,-0.8610877990722656,-0.6877845764160155,-0.2952674865722657,-0.013652801513671875,0.3073295593261719,0.6073646545410156,0.8344001770019531,1.0937095642089842,1.4126129150390623,1.8123321533203125,2.849777221679688,4.656217193603504,6.3048134613037226
DJF,21,370,0.1283473038544526,1.9568310990796614,-3.7366540573120113,-3.011297655105591,-2.683030700683594,-1.688472366333008,-1.349923801422119,-1.2190349578857422,-1.0754356384277344,-0.8365629196166992,-0.34212265014648435,-0.042350540161134376,0.2847145080566407,0.6188678741455081,0.9493408203125,1.1591682434082031,1.5584348678588844,1.990766334533692,3.4656536102294946,4.58496112823486,6.893807144165041
DJF,22,382,0.18190008912411035,2.0688614519712836,-3.977656097412109,-3.2653666496276856,-2.351672077178955,-1.802762794494629,-1.4416748046875,-1.1788192749023438,-0.9471673965454102,-0.6618698120117188,-0.27463531494140625,0.03570365905761719,0.2887695312499999,0.7740219116210936,0.9600286483764648,1.1393989562988283,1.581386947631833,2.190982055664063,3.320452117919922,4.653422737121574,7.340148620605468
DJF,23,374,0.19530226437165776,2.242426134508088,-4.195133056640625,-3.7483556270599365,-2.750327491760254,-2.0503974914550778,-1.6079012870788574,-1.3296783447265619,-1.049748420715332,-0.7569862365722657,-0.40298576354980464,-0.060199737548828125,0.41185607910156224,0.7131958007812496,1.0656394958496094,1.5372062683105476,1.8992303848266605,2.6228412628173823,3.8617166519165016,5.240281581878666,7.215384502410883
JJA,0,397,0.7133062279074258,3.5850437098509205,-8.484642639160157,-7.593072509765625,-5.559373474121093,-4.145445251464843,-2.8988174438476566,-2.017930603027344,-1.3632431030273438,-0.8139785766601563,0.07328948974609395,1.1569900512695312,1.803852844238281,2.4428115844726563,2.95111083984375,3.691853332519531,4.244662475585937,5.141693115234376,6.1069154663085925,7.006050491333006,8.444382702636723
JJA,1,403,0.5897993582827282,3.550670614513282,-9.464369354248047,-8.140993118286133,-5.710611724853516,-4.1037658691406245,-3.0986846923828137,-1.9061676025390624,-1.263824462890625,-0.7313201904296878,-0.02201232910156248,1.0211105346679688,1.7129180908203119,2.5445617675781236,3.016834259033203,3.548049926757813,3.8923675537109377,4.639967346191407,5.7273925781249995,6.75751953125,7.836946832275391
JJA,2,408,0.5750242884018841,3.5845510201256756,-8.991201095581054,-7.521767425537109,-5.6040191650390625,-4.112117767333984,-2.5798526763916017,-2.080694580078125,-1.6734504699707031,-1.041515350341797,-0.24789123535156185,0.826446533203125,1.6405548095703117,2.6841606140136713,3.0494346618652344,3.541363525390626,3.9630252838134763,4.551448822021486,6.173626327514639,7.313583564758298,8.531218948364259
JJA,3,403,0.7427150088326806,3.500445747706717,-8.901214294433593,-7.673155975341797,-5.287332916259765,-3.73309326171875,-2.846240234375,-1.9536270141601562,-1.2421379089355469,-0.7870452880859379,0.12916564941406264,1.092803955078125,1.7608459472656244,2.7122955322265625,3.071197509765625,3.490705871582031,4.179160308837891,4.857308959960938,6.056050872802733,6.938471221923828,8.156045379638673
JJA,4,401,0.5010813504264242,3.428153476495392,-8.448532104492188,-7.2496795654296875,-5.418159484863281,-3.6702346801757812,-2.8434524536132812,-2.1944961547851562,-1.7467727661132812,-0.8674850463867188,-0.12799835205078125,0.791961669921875,1.5584030151367188,2.297119140625,2.7889251708984375,3.2156143188476562,3.7878799438476562,4.83769134521485,5.8628692626953125,6.323722839355469,7.8236083984375
JJA,5,395,0.34605407985252673,3.3656361502953795,-8.482742004394531,-7.3220062255859375,-6.00317153930664,-4.015956115722656,-2.9743576049804688,-2.1696746826171864,-1.6450614929199219,-1.1457824707031252,-0.07137451171874927,0.7378463745117188,1.4792312622070305,2.271211242675779,2.6297454833984375,3.138714599609377,3.4627815246582023,4.1892822265625,5.1335152893066445,6.155157821655271,6.5850718688964855
JJA,6,349,0.021653790405623204,3.207158491701956,-8.184049377441406,-6.922885131835938,-5.7384033203125,-4.206297302246093,-3.174093627929688,-2.485456848144531,-2.07696533203125,-1.3621185302734375,-0.4140823364257812,0.25702667236328125,1.0906784057617185,1.9043411254882812,2.2777481079101562,2.624716186523438,3.169413757324219,3.8428283691406246,4.611439514160155,5.186970520019532,6.235522766113276
JJA,7,329,-0.41640498477274884,2.9194512625346185,-7.662404479980468,-6.618031311035156,-5.167019653320312,-4.246379089355469,-3.465411376953125,-2.7251907348632805,-2.1804733276367188,-1.7787155151367189,-1.0864929199218745,-0.441192626953125,0.38093109130859343,1.2994838867187524,1.6772994995117188,2.0387542724609378,2.589488220214844,3.161610412597656,4.000906372070308,4.963345336914063,5.787706298828122
JJA,8,261,-1.2457468867393289,2.7306466192956513,-8.549801635742188,-6.785121917724609,-6.013031005859375,-4.497795104980469,-3.9247512817382812,-3.3916702270507812,-2.97149658203125,-2.4069290161132812,-1.8345870971679688,-1.0926055908203125,-0.39603424072265625,0.32532501220703125,0.5474472045898438,0.8007125854492188,1.3343582153320312,1.7846221923828125,2.9232254028320312,4.229618072509766,4.732057189941388
JJA,9,227,-0.7222043155888628,2.647755380769034,-7.36300537109375,-6.546846008300781,-4.918206024169922,-3.6215789794921873,-3.2931236267089843,-2.853729248046875,-2.43597412109375,-2.129466247558594,-1.365191650390625,-0.7979812622070312,-0.1914428710937501,0.6503570556640624,0.9607315063476562,1.4386184692382813,2.0474319458007812,2.4808914184570314,3.6637313842773427,4.675415039062498,5.25297332763672
JJA,10,207,-0.4985577680062557,2.204367809948356,-5.250672149658203,-4.684416580200195,-4.041248321533203,-3.299269104003906,-2.6912818908691407,-2.0854400634765624,-1.8423881530761719,-1.5638137817382813,-1.1527770996093747,-0.5100326538085938,0.026863098144531236,0.4867111206054687,0.7538871765136719,1.104660034179688,1.825872039794922,2.3860336303710943,2.999517059326171,4.076601791381835,4.861362152099608
JJA,11,218,-0.16719245420683412,1.9432707698511715,-4.84797233581543,-4.184051132202148,-3.709527587890625,-2.4674362182617187,-2.040653991699219,-1.6641784667968746,-1.417531967163086,-1.1602172851562504,-0.6111816406249999,-0.12268447875976562,0.4759399414062498,0.8023269653320307,0.9231548309326172,1.2536010742187507,1.910816955566406,2.32451171875,2.8777549743652333,3.4597515106201158,3.7901675415039056
JJA,12,226,-0.08062708086672084,1.5672848199446423,-3.985187530517578,-3.427947998046875,-2.7995948791503906,-1.9148025512695312,-1.5230484008789062,-1.2771759033203125,-1.0048370361328125,-0.7641067504882812,-0.5150375366210938,-0.14529037475585938,0.36119842529296875,0.85504150390625,1.0206241607666016,1.2151947021484375,1.4141731262207031,1.8032760620117188,2.2283382415771484,2.697366714477539,3.9108810424804688
JJA,13,263,-0.00754510103523052,1.2347964411376597,-3.2271464538574217,-2.6682315826416017,-2.1029014587402344,-1.4383209228515625,-1.1036865234375002,-0.9233535766601563,-0.7202262878417969,-0.6023422241210937,-0.30805358886718737,-0.03839111328125,0.29494934082031243,0.5544204711914061,0.7186355590820312,1.0002578735351566,1.2292503356933593,1.6617248535156257,2.090497589111326,2.3492557525634763,2.5026123046874993
JJA,14,263,-0.03281955733498692,1.1512870975908875,-3.04393310546875,-2.6401393890380858,-2.0183944702148438,-1.3101913452148437,-1.027142333984375,-0.7940536499023437,-0.6270523071289062,-0.49180755615234373,-0.24509582519531242,0.0005950927734375,0.26600799560546856,0.564350891113281,0.7021636962890625,0.8536331176757818,1.0179840087890624,1.2984771728515627,1.8028129577636713,2.0480949401855466,2.464600524902343
JJA,15,284,-0.05489535694390953,1.1661620065840537,-3.267645950317383,-2.456142234802246,-2.028194808959961,-1.389672088623047,-1.035394287109375,-0.8940216064453125,-0.7634181976318359,-0.5624740600585938,-0.2256134033203125,0.0244903564453125,0.2535858154296874,0.509174346923828,0.6490535736083984,0.7835998535156251,0.9971858978271484,1.2269165039062502,1.7928188323974537,2.0876405715942385,2.4877514648437518
JJA,16,319,-0.15321975468841836,1.1709690610866477,-3.463500518798828,-2.8077022552490236,-1.9038940429687499,-1.5287612915039062,-1.133831787109375,-0.9451797485351562,-0.8400769042968719,-0.6771209716796875,-0.38951873779296875,-0.1129626464843767,0.10010375976562497,0.35147094726562494,0.5393333435058594,0.7256790161132812,0.9012901306152347,1.256396484375,1.620402526855467,2.1001617431640627,2.6038368225097646
JJA,17,332,-0.12905504893107586,1.2055251001350915,-3.2898017883300783,-2.535208320617676,-2.059187316894531,-1.6101112365722656,-1.29949951171875,-1.0653610229492188,-0.7989959716796875,-0.6766380310058594,-0.34859008789062496,-0.15062332153320312,0.15762023925781246,0.4606880187988279,0.5698413848876953,0.7940338134765628,0.9505500793457028,1.188889312744141,1.7904666900634763,2.254418563842773,2.7426898956298826
JJA,18,359,-0.1346133584365207,1.1999944094020272,-3.0801751708984373,-2.524423599243164,-1.9312789916992186,-1.5438125610351563,-1.2448722839355468,-1.030657958984375,-0.8341331481933594,-0.6384475708007814,-0.4051071166992187,-0.13265228271484375,0.1033920288085937,0.40281372070312493,0.49341583251953125,0.7078979492187509,0.9276565551757814,1.2150405883789062,1.883231353759765,2.4082668304443366,2.7585554504394567
JJA,19,364,-0.1594838178026807,1.3107803551709636,-3.3099403381347656,-2.4735408782958985,-2.0651092529296875,-1.5304901123046872,-1.3242504119873046,-1.0585876464843749,-0.8918380737304688,-0.772344207763672,-0.5385589599609375,-0.251665802001952,-0.018385314941406303,0.31671066284179683,0.5437545776367188,0.7614395141601573,0.9343494415283206,1.425370788574218,1.81306037902832,2.196436500549318,4.449304885864258
JJA,20,356,-0.05008939678749342,1.4313944056466876,-3.1196460723876953,-2.707789421081543,-2.2666568756103516,-1.7558670043945312,-1.3873252868652344,-1.0708236694335938,-0.8498210906982422,-0.6999855041503906,-0.3877716064453125,-0.084442138671875,0.20790863037109375,0.52484130859375,0.6800575256347656,0.87481689453125,1.1334896087646484,1.4909820556640625,2.334390640258789,2.972651481628418,4.320514297485348
JJA,21,379,-0.07434001348893057,1.5826524003073872,-3.497985076904297,-2.9656333923339844,-2.5625709533691405,-2.085736083984375,-1.5167098999023438,-1.2305694580078124,-0.9605026245117188,-0.8103515625000001,-0.5328735351562487,-0.05279541015625,0.2155731201171875,0.6098373413085937,0.7944564819335938,1.0196380615234386,1.277340698242188,1.72669677734375,2.1605018615722646,2.907119369506838,4.10437133789062
JJA,22,379,-0.1794758368419154,1.7148558077756824,-3.6545817565917966,-3.255361557006836,-2.7103614807128906,-2.2025985717773438,-1.7639831542968751,-1.4982452392578125,-1.2127876281738281,-1.019560241699219,-0.6500717163085937,-0.30382537841796875,0.08926086425781235,0.5700454711914061,0.7907600402832031,1.026603698730469,1.3141363830566364,1.8234191894531246,2.6753837585449167,3.5327812194824237,4.995595092773434
JJA,23,379,-0.2414117246441602,1.744620651642987,-3.6455152893066405,-3.2440765380859373,-3.026103210449219,-2.406825256347656,-1.9890403747558594,-1.6647094726562497,-1.3345489501953125,-1.1150466918945312,-0.7499038696289062,-0.3607330322265625,0.09310760498046858,0.5645721435546872,0.807342529296875,1.1132537841796875,1.4137420654296875,1.7814224243164056,3.012345123291015,3.4822322845458986,4.188776245117185
MAM,0,418,0.2609201356440641,5.66375847643489,-11.508832550048828,-9.735842514038087,-8.71579475402832,-7.328656005859375,-6.321868515014649,-4.768560791015625,-3.532602310180664,-2.8678256988525392,-1.3544525146484372,0.2572956085205078,1.6736831665039062,2.876679229736328,3.8168182373046875,4.77811737060547,6.182691955566406,7.785205352783208,10.044783782958982,11.62875337600708,13.454466934204094
MAM,1,418,0.1916185545122795,5.295116453077449,-10.374319458007813,-9.267188453674317,-8.454663467407226,-6.600463104248047,-5.451881790161133,-4.573367309570312,-3.5146474838256836,-2.7873207092285157,-1.2613334655761714,0.07850837707519531,1.665914154052734,2.552164459228515,3.49166202545166,4.49620819091797,5.526905059814453,7.221274185180665,9.560260009765623,11.198805618286132,13.13359291076658
MAM,2,421,-0.0010050003885372731,5.125600231466936,-10.922015380859374,-9.163562774658203,-8.224525451660156,-6.4603729248046875,-5.4557342529296875,-4.5087738037109375,-3.4469070434570312,-2.8394317626953125,-1.4647979736328125,-0.2333984375,1.118743896484375,2.4822463989257812,3.31610107421875,4.459999084472656,5.535942077636719,6.698066711425781,8.574459075927734,10.634439468383789,13.110185241699226
MAM,3,420,0.20914297122047068,5.090314073150153,-10.441803398132324,-8.907296562194825,-7.558675003051757,-6.168684005737305,-5.145727157592773,-4.305172729492186,-3.3636531829833984,-2.6656307220458983,-1.052507019042968,0.3013877868652344,1.4091941833496093,2.635657501220703,3.3049793243408203,3.986727905273438,5.25975227355957,6.6323219299316465,9.406031524658204,11.381005382537841,12.470545419311525
MAM,4,420,0.2160539821443104,4.6682722031018224,-9.638719444274903,-8.047175216674805,-7.165627670288086,-5.732053375244139,-4.7387701034545895,-4.008015441894531,-3.230714797973633,-2.3338863372802736,-0.9630783081054679,0.17868804931640625,1.1337471008300768,2.4419754028320293,3.279592514038086,3.941023254394533,5.316156578063964,6.3062255859375025,7.86863803863525,9.967899322509764,11.608834762573242
MAM,5,411,0.08637672405753409,4.534722929069385,-9.213968658447266,-7.9661712646484375,-7.213531494140625,-5.861175537109375,-4.962152481079102,-3.6253814697265625,-3.0349979400634766,-2.4740371704101562,-1.2934417724609375,0.0785980224609375,1.1830825805664062,2.195171356201172,2.909982681274414,3.8908920288085938,4.8373260498046875,6.086997985839844,8.12359619140625,9.017057418823242,11.166618728637683
MAM,6,386,0.1106726939937612,4.481929094511487,-8.6056884765625,-7.264233112335205,-6.6592254638671875,-5.594295501708984,-4.841208457946777,-3.6129608154296875,-2.8305702209472656,-2.3656349182128906,-1.3981781005859375,-0.03381156921386719,0.869537353515625,2.049417495727539,2.628896713256836,3.566925048828125,4.814818382263184,5.996147155761719,8.236146926879883,9.735921382904053,11.223714447021457
MAM,7,373,-0.27118833321988095,4.258302052763204,-8.32503387451172,-7.2441162109375,-6.724317932128907,-5.714733123779297,-4.689505767822266,-3.992945861816406,-3.1685714721679688,-2.6255455017089844,-1.8026283264160154,-0.41208648681640625,0.7962524414062498,1.759749603271484,2.3875808715820312,3.2539215087890634,4.206382751464844,5.1464591979980465,6.760149383544913,8.779884338378901,11.024329528808588
MAM,8,327,-0.7498368210165507,3.849413015204211,-8.618340530395507,-7.902476119995117,-6.618889999389649,-5.3355857849121096,-4.499132537841797,-4.026458740234375,-3.5126171112060547,-2.90787353515625,-2.0900405883789057,-0.9640884399414062,0.13253707885742166,1.0085693359374999,1.7099323272705078,2.2845962524414065,3.2313865661621053,4.08975296020508,6.198633956909176,7.570184326171875,8.856012039184574
MAM,9,314,-0.7137426111500734,3.387065588215418,-7.284252433776856,-6.4609373092651365,-5.758987045288086,-4.724118041992187,-4.121811103820801,-3.642572021484375,-2.9732913970947266,-2.543363952636719,-1.8740524291992187,-0.9690132141113281,-0.11009063720703181,0.5838233947753905,1.3516254425048828,2.0719482421875,2.7110473632812506,3.6407875061035155,6.064016403198241,6.9490255355834964,8.4934716796875
MAM,10,279,-0.3428345667247703,3.177533979781127,-7.36095100402832,-5.902322006225586,-5.217777633666992,-4.095214080810547,-3.3939739227294927,-2.7879539489746095,-2.3719615936279297,-1.9149139404296875,-1.1771141052246092,-0.3886756896972656,0.20243530273437418,0.9626998901367186,1.3003654479980469,1.8269752502441414,2.5925788879394522,3.489820861816408,5.468467712402342,6.936855316162111,7.939961776733397
MAM,11,292,-0.15927988705569746,2.632048589725185,-5.461578216552734,-5.012128639221191,-4.351650428771973,-3.4343414306640625,-2.6890918731689455,-2.2442916870117187,-1.9593963623046875,-1.573251724243164,-0.8749389648437497,-0.1196441650390625,0.34424743652343737,1.132131195068359,1.6984167098999023,2.087339782714844,2.330306816101074,2.9308376312255913,4.190142059326171,5.235190868377682,6.485301322937
MAM,12,305,-0.1539383604956455,2.1784304127963594,-5.990166320800781,-4.397470855712891,-3.5732666015625,-2.6902481079101563,-2.2589492797851562,-1.8892044067382812,-1.5875244140625,-1.2338897705078125,-0.6549407958984372,-0.1643829345703125,0.5118057250976563,0.9987945556640623,1.314997253417971,1.6623382568359384,2.1050056457519526,2.3856338500976584,3.034135437011719,4.012167358398437,4.404796600341793
MAM,13,303,-0.272567810461466,1.9065019132897294,-5.386984710693359,-4.027594184875488,-3.07775764465332,-2.3948440551757812,-1.9631450653076175,-1.627685546875,-1.4152488708496094,-1.2617446899414062,-0.7809600830078125,-0.28281402587890625,0.13376007080078098,0.6558837890624993,0.8955898284912109,1.2314453125000004,1.4631332397460934,1.9795852661132813,2.807253265380859,3.530156707763671,4.189202957153321
MAM,14,335,-0.24519063146790457,1.6138613122933063,-4.141643371582031,-3.3441986083984374,-2.687937545776367,-2.23631591796875,-1.8169288635253906,-1.5055267333984375,-1.1671395111083953,-0.8737106323242188,-0.5054046630859377,-0.14161300659179688,0.17898178100585954,0.48954162597656237,0.7512989044189453,0.9983261108398437,1.2459289550781243,1.490191650390625,2.187230178833015,2.701341438293456,3.649872207641603
MAM,15,338,-0.3408920834332528,1.4481417752679735,-3.717647705078125,-3.0926124572753904,-2.489748001098633,-2.0829452514648437,-1.6688937835693323,-1.5318588256835937,-1.3364877700805664,-1.1048740386962892,-0.7147003173828125,-0.3493785858154297,-0.07065277099609375,0.3779788970947265,0.5680046081542969,0.8080780029296878,1.0102108001708985,1.3347072601318362,1.9108131408691402,2.378841018676757,3.0303688049316384
MAM,16,382,-0.3803325844809647,1.3773517065607803,-3.6579033660888673,-2.9194948196411135,-2.41458740234375,-2.112428665161133,-1.7240877151489258,-1.4249969482421874,-1.199310302734375,-0.9944969177246094,-0.6765716552734373,-0.3679790496826172,-0.12253112792968754,0.18890762329101557,0.36498260498046875,0.5088104248046877,0.800374603271484,1.2668613433837899,2.0559234619140625,2.516441631317134,3.1966037368774396
MAM,17,383,-0.20343510321475192,1.515969540141856,-3.8818652343749998,-2.9269731521606444,-2.498590850830078,-2.018727111816406,-1.5903182983398438,-1.2888986816406203,-0.9946041107177734,-0.8387802124023438,-0.5596939086914062,-0.197998046875,0.03683776855468734,0.3708297119140638,0.6257381439208984,0.804801940917969,1.1115692138671873,1.4606422424316412,2.2434463500976554,2.9095891952514648,3.63125183105469
MAM,18,396,-0.18665009431164667,1.5273994949607963,-3.5307584762573243,-3.0486373901367188,-2.498866081237793,-2.011117935180664,-1.4653131866455062,-1.2635307312011719,-1.065195083618164,-0.8789653778076172,-0.6053237915039062,-0.2692375183105469,0.023754119873046875,0.45059776306152344,0.6961517333984375,0.9147262573242188,1.1882295608520508,1.5721893310546875,2.384182929992676,2.8678197860717773,3.892710304260258
MAM,19,404,-0.14594550633194417,1.5030082271630218,-3.114581489562988,-2.772025394439697,-2.3551206588745117,-1.9474273681640626,-1.6880960464477541,-1.3323814392089843,-1.0508832931518555,-0.8450637817382814,-0.4386817932128906,-0.20781707763671875,0.1524475097656245,0.42744216918945294,0.6163120269775391,0.8162750244140625,1.1088703155517579,1.5283710479736325,2.2876567840576127,3.320971107482913,4.44456447601318
MAM,20,396,-0.11619032965766055,1.736628321792045,-3.751350212097168,-3.2836198806762695,-2.743875503540039,-2.0993423461914062,-1.733922004699707,-1.44122314453125,-1.1681995391845703,-0.9666919708251953,-0.5564193725585938,-0.20705795288085938,0.16161346435546875,0.578216552734375,0.7391738891601562,0.9893875122070312,1.3151311874389648,1.9264259338378906,2.662838935852051,3.739453620910645,4.749338912963869
MAM,21,406,-0.14904713259541924,1.7753631885319543,-3.6387062072753906,-3.2314233779907227,-2.879474639892578,-2.3685989379882812,-1.9071683883666992,-1.49261474609375,-1.1897573471069336,-0.9719429016113281,-0.6453933715820312,-0.3036231994628906,0.203948974609375,0.49964141845703125,0.8004493713378906,1.1800689697265625,1.6345576477050798,2.0743160247802734,2.8209171295166016,3.088623046875,4.812387466430653
MAM,22,414,-0.10353889760187854,1.9220115972574239,-4.270860290527343,-3.6711968421936034,-2.9081342697143553,-2.4452594757080077,-1.9881322860717774,-1.6587905883789062,-1.4169502258300781,-1.166351318359375,-0.6909324645996091,-0.17913436889648438,0.2657684326171871,0.6805839538574211,0.929499626159668,1.328382873535158,1.779859733581543,2.3468185424804684,3.113615608215332,3.9937399864196785,4.636962814331056
MAM,23,412,-0.019613900045746674,2.3287907814378563,-4.534045562744141,-3.7694023132324217,-3.324635124206543,-2.589056396484375,-2.283870506286621,-1.8431640624999999,-1.5644426345825195,-1.3570617675781251,-0.736853790283203,-0.2091846466064453,0.2241973876953125,0.8917190551757812,1.259230613708496,1.7364913940429687,2.3783498764038065,2.8447311401367203,3.9255666732788073,4.719322681426998,5.949122274780274
SON,0,337,0.12945380643850263,3.5176042636494347,-6.947389526367187,-6.0373596191406245,-5.258755493164062,-3.977192687988281,-3.351043701171875,-2.8531707763671874,-2.4517440795898438,-2.0325393676757812,-1.0502807617187495,-0.014251708984375,0.9305343627929686,1.8786560058593749,2.268787384033203,2.891218566894531,3.6890823364257805,4.9211135864257844,6.312411499023437,7.373268127441404,8.973290710449213
SON,1,349,0.0729170135235718,3.393316817737433,-7.002613830566406,-6.49598503112793,-5.522998046875,-4.1199951171875,-3.2418556213378906,-2.630259704589843,-2.2150115966796875,-1.872899627685547,-0.9286392211914061,-0.24623870849609375,0.9994781494140604,1.9545272827148434,2.3533172607421875,2.870770263671877,3.5355369567871096,4.428401184082031,5.775382995605465,7.084338760375977,7.832661590576159
SON,2,344,0.238815812399221,3.327540568787549,-6.980276107788086,-6.392473793029785,-5.5377599716186525,-3.751708984374999,-2.943289947509766,-2.2771026611328122,-1.6783103942871094,-1.4402610778808596,-0.8385917663574215,-0.10673713684082031,1.0158683776855466,2.085400390625,2.5461244583129883,3.063737487792969,3.5829982757568364,4.3209693908691404,5.361226654052731,6.923250102996828,8.319165458679196
SON,3,342,0.36351971899556834,3.2186934147736523,-7.442677955627441,-6.051025390625,-5.315485191345215,-3.589324951171875,-2.6134258270263673,-2.046381378173828,-1.7268247604370117,-1.3699958801269532,-0.5569137573242188,0.269317626953125,1.0518280029296874,2.1494606018066404,2.5265579223632812,3.121061706542969,3.7127300262451164,4.495183563232422,5.37580223083496,7.074589538574211,7.552378005981443
SON,4,334,0.2653044571562441,3.057167498062375,-6.962513999938965,-5.651431560516357,-4.584124755859375,-3.758612060546875,-2.7761400222778323,-2.2497337341308588,-1.6296024322509766,-1.2929794311523437,-0.5147689819335933,0.13399696350097656,0.9839195251464843,2.0279056549072267,2.2524681091308594,2.799623107910157,3.332983207702637,4.004948425292968,5.681166458129882,6.241839599609375,7.88195526123048
SON,5,336,0.11815850530351911,2.998063752911002,-6.184996032714844,-5.800397872924805,-5.014044761657715,-3.5414295196533203,-2.6182174682617188,-2.2622451782226562,-1.8317909240722656,-1.4982357025146484,-0.7398452758789062,-0.022485733032226562,0.7501144409179688,1.6958389282226558,2.148174285888672,2.6325531005859375,3.2693614959716797,4.083061218261719,5.538261413574219,6.054123878479004,7.069939041137694
SON,6,310,0.34678868349136843,2.893905367864457,-6.167742767333984,-5.715431022644043,-4.234984588623046,-2.9559120178222655,-2.5278251647949217,-2.0800811767578127,-1.4908905029296875,-1.2042499542236327,-0.7199249267578124,0.15409469604492188,1.0181785583496097,2.0936790466308586,2.3221702575683594,2.672250366210938,3.4876312255859356,3.9209014892578136,5.080672836303713,5.914568901062012,7.196448478698742
SON,7,310,0.31482201262443293,2.713849051943106,-5.753465728759766,-4.467683982849121,-3.755894660949707,-3.181244659423828,-2.4130828857421873,-1.8763031005859374,-1.4790191650390625,-1.097037887573242,-0.48440551757812494,0.02252960205078125,0.7399742126464844,1.62889289855957,2.21596622467041,2.7422546386718754,3.342429733276367,3.895314407348633,4.993876266479493,5.985950092315669,7.17611568450928
SON,8,278,-0.26368821068633375,2.4594556717230476,-5.65758171081543,-4.710062789916992,-3.7851499557495116,-3.1154762268066407,-2.728383445739746,-2.3931549072265623,-2.0797882080078125,-1.6512798309326173,-1.0358917236328118,-0.3077545166015625,0.19479827880859357,0.9873500823974608,1.3024215698242188,1.8339851379394547,2.2303977966308586,2.968376922607423,3.8175678253173806,4.935007953643795,5.96116203308106
SON,9,249,-0.3415992687792184,2.3254659220872096,-5.603499450683594,-4.507933044433594,-3.91854248046875,-3.1340850830078124,-2.585589599609375,-2.295307922363281,-2.0596160888671875,-1.6493179321289066,-0.9020561218261718,-0.47249603271484375,0.15441436767578032,0.6563667297363277,1.0216598510742188,1.2886962890625,1.9127456665039055,2.876281738281251,3.602001953125,4.86073760986328,5.095482177734375
SON,10,245,-0.2818213245625399,2.0806310641324495,-4.421954956054687,-3.3313320159912108,-3.158558654785156,-2.667890167236328,-2.2972442626953127,-2.041184997558594,-1.7478103637695312,-1.457147216796875,-1.011724853515625,-0.46892547607421875,0.027316284179687532,0.6850952148437498,1.0044631958007812,1.372447204589845,1.8610549926757813,2.5471969604492184,3.383309936523437,3.833449462890627,4.731381378173829
SON,11,228,-0.27531020448918925,1.788993241786262,-4.112793464660644,-3.508568954467773,-2.9605968475341795,-2.3928253173828122,-1.9517196655273439,-1.708534240722656,-1.4221162796020508,-1.153470611572266,-0.7693138122558589,-0.3731098175048828,0.004176330566406144,0.5013782501220703,0.7657394409179688,1.2113479614257838,1.5164318084716797,2.0321166992187534,2.7765029907226557,3.314182853698726,4.49866786956787
SON,12,217,-0.03545406640399985,1.3921877105292255,-3.3087702941894532,-2.6723114013671876,-2.234577941894531,-1.6980155944824218,-1.4639549255371094,-1.191472625732422,-1.011810302734375,-0.7094879150390625,-0.3756607055664062,0.0063323974609375,0.236090087890625,0.5987854003906249,0.7996826171875,1.0181304931640625,1.2439064025878905,1.6647842407226565,2.0112808227539047,2.9846847534179677,3.9439543151855494
SON,13,224,-0.06516551085880826,1.2733314202174237,-2.858542938232422,-2.565488815307617,-1.8051471710205078,-1.5321479797363282,-1.2895751953125,-1.0705322265625,-0.880497932434082,-0.6177410125732423,-0.3634277343749999,-0.09468650817871094,0.15993194580078124,0.4377235412597656,0.6104650497436523,0.8033027648925783,1.0879947662353515,1.4178024291992193,1.845082473754882,2.272142887115478,4.143736572265629
SON,14,257,-0.19046205275717412,1.130008224715739,-2.732302398681641,-2.527604675292969,-2.062384033203125,-1.5574722290039062,-1.2828170776367187,-1.0167572021484375,-0.7963066101074219,-0.5780654907226563,-0.355267333984375,-0.18349456787109375,0.07126007080078124,0.3067726135253906,0.3876190185546875,0.599365234375,0.7938049316406249,1.0229423522949221,1.5460922241210937,1.89629898071289,3.069456939697264
SON,15,287,-0.12970279706895144,1.1499299518691217,-2.9186026000976564,-2.6100652694702147,-1.7857131958007812,-1.4392654418945312,-1.1445442199707032,-0.97435302734375,-0.7474002838134766,-0.6117591857910157,-0.3598892211914062,-0.1116790771484375,0.04714050292968747,0.25673522949218736,0.4188079833984375,0.6675552368164063,0.8305553436279295,1.0857963562011728,1.4793033599853513,2.024862098693845,3.876444320678707
SON,16,298,-0.1512844607974059,1.1299583362227898,-2.750762634277344,-2.620714473724365,-2.055099296569824,-1.3961452484130858,-1.1018400192260742,-0.9194656372070311,-0.8190393447875977,-0.6672832489013674,-0.3856231689453124,-0.15806007385253906,0.11652679443359365,0.30290031433105463,0.49120521545410156,0.594879150390625,0.8267398834228515,1.0957988739013675,1.4832706451416013,1.936566066741941,3.040936088561988
SON,17,311,-0.09147358836085084,1.1836717944961415,-3.3454353332519533,-2.580206871032715,-1.8843727111816406,-1.5105361938476562,-1.1302413940429688,-0.9019584655761719,-0.7849617004394531,-0.6129379272460938,-0.29034423828125,-0.11049652099609375,0.08281707763671875,0.3469696044921875,0.6256141662597656,0.7636489868164062,0.9096183776855469,1.289825439453125,1.875986099243164,2.145641326904297,2.9425586700439403
SON,18,314,-0.07193461472821085,1.2022666076781259,-3.1102423095703124,-2.4432651519775392,-1.940610122680664,-1.4062767028808594,-1.190595817565918,-0.9543663024902344,-0.7911415100097656,-0.6402400970458985,-0.32005767822265624,-0.01842498779296875,0.19670104980468725,0.41322517395019526,0.5813798904418945,0.787823486328125,0.9468170166015626,1.1068748474121093,1.8920207977294916,2.3138685226440443,3.8237117004394547
SON,19,317,-0.03647310419413571,1.133811847289324,-2.966163787841797,-2.128841018676758,-1.8571548461914062,-1.3428482055664062,-0.9385772705078126,-0.7737449645996093,-0.6886444091796875,-0.5464653015136719,-0.32538146972656246,-0.07788848876953125,0.20380401611328125,0.45437850952148434,0.5458297729492188,0.7410476684570314,0.9634872436523432,1.1935165405273445,1.6597396850585935,2.454993057250974,3.4668927001953023
SON,20,316,-0.11135735668713534,1.2944170911772377,-2.8019887924194338,-2.466118812561035,-2.0031814575195312,-1.6609630584716797,-1.2290191650390625,-1.0738792419433594,-0.8464593887329102,-0.6902027130126953,-0.415557861328125,-0.16363525390625,0.16453933715820312,0.38086700439453125,0.5350189208984375,0.6330032348632812,0.8980960845947266,1.3504600524902344,1.8959293365478516,2.5703353881835938,3.8736192703247103
SON,21,325,-0.044691238168569715,1.4136455641561736,-3.1148219299316406,-2.5867507934570315,-2.125080871582031,-1.7425674438476564,-1.4986907958984375,-1.0796569824218751,-0.88763427734375,-0.6392791748046874,-0.3821273803710938,-0.1759796142578125,0.190948486328125,0.4954559326171872,0.7117080688476562,0.9669525146484371,1.1731910705566402,1.5747161865234383,2.1417045593261723,2.6983596801757788,4.146091918945312
SON,22,340,-0.1069214257632985,1.5489847361648683,-3.5395583724975586,-2.908945655822754,-2.4624576568603516,-1.9902717590332033,-1.6973451614379882,-1.3829795837402346,-1.100494384765625,-0.8924518585205078,-0.4875839233398438,-0.14391136169433594,0.22398071289062502,0.5861129760742186,0.7811927795410156,0.889923858642578,1.297417259216307,1.9276279449462896,2.5538219451904296,3.30646800994873,4.241935157775882
SON,23,332,-0.029000873795474873,1.6428369092874122,-3.17400993347168,-2.732892894744873,-2.3907629013061524,-2.0119041442871093,-1.566016960144043,-1.4041427612304687,-1.2152042388916016,-0.9449832916259766,-0.4382263183593749,-0.15322113037109375,0.14372100830078122,0.6859737396240233,0.9684391021728516,1.1904266357421878,1.6572170257568355,2.116835021972656,2.9476894378662086,3.6117937088012693,4.830221099853515
